,Stn_Name,xm,ym,Tx,Tm,Tn
0,CHEMAINUS,1807806.266120346,1396332.2878689235,13.5,8.2,1.0
1,COWICHAN LAKE FORESTRY,1764329.0702750369,1377564.3486884078,15.0,7.0,-3.0
2,LAKE COWICHAN,1773335.8550920947,1378408.8563886909,16.0,6.8,-2.5
3,DUNCAN KELVIN CREEK,1809362.9943603328,1362546.1866929336,14.5,7.7,-1.0
4,ESQUIMALT HARBOUR,1841498.313028606,1311615.3198312465,13.1,8.8,1.9
5,GALIANO NORTH,1826598.1998744586,1404799.9469790114,13.5,8.9,2.0
6,MALAHAT,1831379.579468699,1335613.9593745302,12.7,7.2,2.2
7,NORTH COWICHAN,1810363.748228895,1377564.3486884078,14.7,7.7,-2.6
8,NORTH PENDER ISLAND,1858399.9339198759,1367436.8211927833,14.0,8.6,2.0
9,RACE ROCKS,1831268.3845944137,1289188.304761339,15.6,9.6,5.2
10,SAANICHTON CDA,1843722.2105142989,1343516.4403413795,14.0,8.1,-1.0
11,SALTSPRING ST MARY'S L,1829600.4614801435,1388380.4179417994,14.5,8.3,1.0
12,SATURNA CAPMON,1876079.9189311424,1369292.6281633647,12.9,7.8,2.0
13,SATURNA CAPMON CS,1876079.9189311424,1369292.6281633647,12.7,7.6,2.1
14,SATURNA ISLAND CS,1885309.0934967692,1370811.318157304,13.7,8.7,4.1
15,SHAWNIGAN LAKE,1820704.8715373692,1347722.8859154424,14.0,7.1,-1.5
16,SHERINGHAM POINT,1787902.383623388,1302403.0611910364,14.4,9.5,5.1
17,VICTORIA UNIVERSITY CS,1856398.4261827515,1315806.0064537292,14.9,8.3,0.0
18,VICTORIA GONZALES CS,1854174.5286970583,1308431.7767711626,13.4,8.9,3.4
19,VICTORIA HIGHLANDS NORTH,1834604.2308229543,1329398.0239871908,13.3,8.1,1.8
20,VICTORIA INTL A,1842943.8463943056,1347722.8859154424,14.4,7.8,-0.5
21,WILLIAM HEAD,1830378.8256001368,1296211.3219366362,14.0,9.2,3.5
22,BALLENAS ISLAND,1761326.8086693503,1466872.8816433689,13.7,8.1,4.0
23,CAMPBELL RIVER A,1637566.9135905001,1570265.1510851951,14.4,6.3,-5.0
24,CAPE MUDGE,1646240.1137847055,1578218.4886279032,16.0,7.9,1.5
25,CHATHAM POINT,1618330.20033925,1636370.3857036699,12.0,7.8,1.5
26,CHROME ISLAND,1703171.8894184625,1487723.1603350379,14.0,8.3,2.5
27,COMOX A,1679042.6016986852,1529752.0347931525,13.5,7.4,-1.1
28,CORTES ISLAND TIBER BAY,1673594.0528587366,1590855.724315947,14.4,8.5,-1.5
29,COURTENAY GRANTHAM,1668034.309144503,1537666.7859228877,13.5,7.6,0.5
30,COURTENAY PUNTLEDGE,1664253.6834188246,1524422.4087125435,16.0,6.9,-3.0
31,ENTRANCE ISLAND,1800133.8197947028,1442839.739227268,13.2,8.3,4.5
32,FANNY ISLAND,1557506.6041055298,1657475.2469541617,12.5,8.3,2.4
33,HERIOT BAY SE,1645350.5547904286,1595707.9870785885,13.0,7.4,0.5
34,LITTLE QUALICUM HATCHERY,1722186.212921142,1467384.9726371365,13.5,6.6,-4.0
35,MUD BAY,1690829.2583728624,1487552.0455463743,14.0,7.5,-1.0
36,MYRA CREEK,1600539.0204536999,1505538.2085645422,12.0,5.8,-1.5
37,NANAIMO A,1793573.322211907,1416499.2807007367,14.9,7.4,-2.9
38,PORT HARDY A,1404724.846838377,1697214.7690521954,14.9,6.7,-2.9
39,QUALICUM BEACH AIRPORT,1735307.2080867356,1464654.181450434,14.8,7.3,-1.6
40,QUALICUM R FISH RESEARCH,1710510.7511212502,1474386.6819359818,14.5,7.4,-1.0
41,QUINSAM RIVER HATCHERY,1634119.8724876745,1581332.7354114875,15.0,7.0,-2.5
42,SISTERS ISLAND,1730748.2182410622,1490290.3014748003,14.2,8.6,4.5
43,ENTRANCE ISLAND,1800356.2095432733,1442839.739227268,13.0,8.3,3.5
44,ALBERNI ROBERTSON CREEK,1669924.6220073404,1464654.181450434,18.0,7.2,-5.0
45,CAPE BEALE LIGHT,1643905.0214247257,1371148.8418064388,15.0,9.5,4.5
46,ESTEVAN POINT,1496349.4232489555,1472507.6012151632,13.5,8.9,2.0
47,ESTEVAN POINT CS,1496349.4232489555,1472507.6012151632,14.0,8.7,2.3
48,GOLD RIVER TOWNSITE,1550612.5218998783,1540421.5029566884,16.0,7.5,-3.0
49,LENNARD ISLAND,1565290.2453054583,1426176.201579907,14.0,9.0,4.0
50,NITINAT RIVER HATCHERY,1706285.3458984327,1383477.673155699,16.0,8.5,-1.5
51,NOOTKA LIGHTSTATION,1488121.0025518877,1509654.7625163002,13.0,9.1,4.0
52,PACHENA POINT,1657137.2114646027,1360523.3010911187,14.0,9.0,1.0
53,PORT ALBERNI COX LAKE,1695499.4430928177,1441648.3921968862,14.5,7.9,-2.0
54,PORT ALICE,1394939.6979013255,1645608.0352083333,15.0,8.6,0.0
55,QUATSINO,1372923.1127929594,1671458.5317867314,12.0,7.4,0.0
56,QUATSINO LIGHTSTATION,1330669.060564781,1655205.1975684417,16.0,9.5,3.5
57,PORT ALBERNI (AUT),1676040.3400929987,1461241.940557274,14.2,7.0,-3.4
58,SARTINE ISLAND (AUT),1233373.545565685,1721819.636006523,12.0,8.4,5.3
59,SOLANDER ISLAND (AUT),1341010.1838732553,1597961.7873597424,13.9,9.0,4.9
60,TAHSIS VILLAGE NORTH,1484006.7922033553,1566809.547784349,14.0,7.8,-2.0
61,TOFINO A,1581969.4764481597,1421251.4679573914,14.8,8.5,-0.5
62,UCLUELET KENNEDY CAMP,1609323.4155221905,1398025.1407916266,15.0,8.7,-1.5
63,ZEBALLOS MURAUDE CREEK,1470107.4329177702,1587737.9084256785,16.5,8.2,0.0
64,GIBSONS GOWER POINT,1830156.435851568,1473020.0360518135,13.0,8.4,3.5
65,MERRY ISLAND LIGHTSTATION,1788791.9426176664,1487038.722138458,13.5,8.4,3.0
66,HOWE SOUND - PAM ROCKS,1857065.5954284612,1490461.4721802715,14.1,8.9,4.9
67,PORT MELLON,1835160.205194377,1496968.5516457213,14.6,8.2,2.1
68,POWELL RIVER A,1723520.5514125582,1549897.786612765,12.6,7.1,-3.1
69,POWELL RIVER,1723854.1360354107,1550070.1823922275,12.3,6.8,-2.6
70,SECHELT AUT,1810808.5277260325,1485327.871098945,14.2,7.4,-1.6
71,SQUAMISH AIRPORT,1872410.4880797463,1541110.324335238,16.0,7.1,-2.2
72,CAPE ST JAMES,998974.7505735767,1920467.141445728,12.0,8.2,3.5
73,KINDAKUN ROCKS (AUT),803716.5513296734,2173286.7284003673,13.9,8.2,2.1
74,LANGARA,771914.8172842576,2350022.9674932156,11.0,6.3,-0.2
75,LANGARA ISLAND RCS,771914.8172842576,2350022.9674932156,10.9,6.1,-0.2
76,MASSET A,870989.4502719075,2301634.5640924443,12.9,5.6,-3.2
77,ROSE SPIT (AUT),927254.0566599562,2331771.180925154,11.1,6.6,-1.1
78,SANDSPIT A,910352.4357686861,2161754.9790120255,12.5,6.5,-1.0
79,SANDSPIT AIRPORT AUTO,910352.4357686861,2161011.569348026,12.3,6.6,-0.5
80,SANDSPIT,910241.240894401,2161754.9790120255,12.3,6.6,-0.6
81,ADDENBROKE ISLAND,1349460.994318892,1860810.166514473,14.0,7.7,2.0
82,BELLA BELLA,1316880.896153478,1965500.1747233775,14.1,5.5,-3.9
83,BELLA COOLA A,1490456.0949118661,2002400.8031873638,14.5,4.7,-3.5
84,BOAT BLUFF,1276072.3772910011,2048995.0777288545,13.0,7.2,2.0
85,BONILLA ISLAND,1041006.4130531846,2206300.46444095,12.5,7.7,2.0
86,BONILLA ISLAND (AUT),1040895.2181788994,2206300.46444095,11.1,7.4,2.0
87,CATHEDRAL POINT (AUT),1393160.57991277,1965862.9046368226,11.0,5.8,0.3
88,CUMSHEWA ISLAND,933814.5542427521,2120230.6076453067,12.8,7.6,2.2
89,DRYAD POINT,1321884.6654962904,1965500.1747233775,14.5,7.0,2.0
90,EGG ISLAND,1352685.6456731472,1797145.6640403979,13.0,7.3,1.0
91,GREEN ISLAND,1033222.7718532577,2410019.952037248,10.0,5.8,0.5
92,GREY ISLET (AUT),1034334.7205961066,2412130.1159451623,10.2,5.8,0.5
93,HERBERT ISLAND (AUT),1375258.2051529363,1742791.8392572738,12.5,8.9,4.6
94,HOLLAND ROCK,1071807.3932300431,2334240.295966586,12.1,6.8,1.2
95,IVORY ISLAND,1289082.1775823077,1980930.6075248579,13.0,7.2,2.0
96,KEMANO,1340676.5992504011,2219394.764971258,16.5,1.7,-5.0
97,KITIMAT TOWNSITE,1263840.9411196879,2311856.7022145065,7.0,1.4,-5.0
98,KITIMAT 2,1255946.1050454725,2303526.551555411,10.5,2.2,-9.0
99,LUCY ISLAND LIGHTSTATION,1044231.06440744,2357830.949711631,11.3,6.9,0.8
100,PRINCE RUPERT,1062467.0237901295,2355925.847340879,11.9,5.5,-2.6
101,STEWART A,1113616.6659610805,2676743.485561994,9.4,0.8,-11.5
102,TERRACE PCC,1264841.6949882484,2397179.4161884002,11.0,1.4,-10.5
103,TERRACE A,1270067.8540796281,2390862.710290933,8.3,0.3,-8.0
104,TRIPLE ISLAND,1014097.2534762928,2357640.418657044,12.0,7.2,1.5
105,KITIMAT HATCHERY,1258503.5871540199,2309962.7119056284,10.5,2.1,-7.0
106,EQUITY SILVER,1525927.2598086798,2339370.9385044063,8.5,-5.6,-18.0
107,HOUSTON,1482450.0639633704,2376907.469502519,9.5,-1.9,-16.0
108,NASS CAMP,1219807.7709029524,2539406.547055674,10.5,-0.7,-13.5
109,SMITHERS,1425184.7037067595,2459277.5889643272,8.4,-2.7,-17.0
110,SMITHERS A,1425184.7037067595,2459277.5889643272,10.1,-2.4,-17.4
111,SMITHERS AIRPORT AUTO,1424517.5344610515,2459084.5700700153,8.9,-2.7,-17.3
112,SUSKWA VALLEY,1426519.0421981742,2549359.0008931197,8.0,-3.1,-14.5
113,OOTSA L SKINS L SPILLWAY,1557061.824608389,2258620.0087108444,8.5,-4.8,-19.0
114,OOTSA LAKESKINS LAKE CLIMATE,1557061.824608389,2258620.0087108444,6.8,-4.2,-18.8
115,PEMBERTON AIRPORT CS,1919890.6993993057,1631668.374958314,14.8,4.5,-3.6
116,PUNTZI MOUNTAIN (AUT),1763995.485652181,1952633.8181052497,11.1,-3.2,-21.3
117,TATLAYOKO LAKE RCS,1734306.4542181734,1873531.314895928,12.9,1.0,-14.7
118,BARKERVILLE,2055437.2511523315,2127444.7506673224,8.0,-2.0,-16.0
119,BURNS LAKE DECKER LAKE,1561287.229831208,2374424.895279213,7.4,-4.6,-19.4
120,CRESCENT SPUR,2146061.0736943465,2226324.7935777865,9.0,-0.8,-14.5
121,FORT ST JAMES,1747316.25450948,2388184.4348096997,7.5,-4.5,-21.0
122,FORT ST JAMES AUTO,1747316.25450948,2388184.4348096997,7.6,-3.9,-21.0
123,HIXON,1923782.5199992694,2213406.113506411,8.5,-0.3,-12.5
124,HORSEFLY LAKE GRUHS LAKE,2072227.6771693195,1997847.2482562521,12.5,-0.9,-12.5
125,MCLEESE LAKE FRASERVIEW,1959920.8541417911,2000943.3851294583,11.0,-0.2,-10.0
126,MCLEESE LAKE GRANITE MT,1969706.0030788423,2028496.830284875,9.0,-0.9,-14.0
127,PRINCE GEORGE,1926117.6123592476,2279720.649357522,7.3,-3.0,-16.9
128,PRINCE GEORGE AIRPORT AUTO,1926784.7816049543,2280663.9593341807,7.2,-3.0,-17.2
129,PRINCE GEORGE STP,1916110.0736736276,2278966.0826046616,14.0,-1.4,-15.0
130,QUESNEL,1944798.3512390733,2119491.064484046,12.3,-0.1,-12.2
131,QUESNEL AIRPORT AUTO,1945243.1307362125,2119675.9438446574,9.8,-1.7,-13.0
132,SPOKIN LAKE 4E,2036422.9276496503,1965318.8158845678,11.0,-1.1,-17.0
133,WILLIAMS LAKE A,1995503.2139128882,1965137.4611240597,9.6,-0.7,-14.8
134,VANDERHOOF,1777227.6756920582,2307879.848845495,9.0,-3.1,-16.5
135,108 MILE HOUSE ABEL LAKE,2083458.3594720722,1864212.4662956009,11.5,0.7,-11.5
136,ABBOTSFORD A,1961477.582381776,1411580.193380517,15.4,8.2,-1.4
137,AGASSIZ RCS,2028194.5069525843,1448628.6826376775,16.0,8.6,-0.6
138,AGASSIZ CDA,2028194.5069525843,1448628.6826376775,16.0,8.9,-0.5
139,WHISTLER - NESTERS,1895316.632182391,1600909.9880558206,12.8,3.7,-5.0
140,BLACKCOMB BASE SLIDING CENTER,1897429.3347937989,1596228.0405453602,11.6,3.1,-3.9
141,BURNABY SIMON FRASER U,1899430.8425309248,1454592.0539627047,14.0,8.3,4.5
142,CALLAGHAN VALLEY,1877970.2317939799,1603512.2114336258,12.4,3.3,-4.7
143,CHILLIWACK R HATCHERY,2034421.4199125275,1420911.9371803002,16.5,6.6,-1.5
144,DELTA BURNS BOG,1890090.4730910095,1428724.6071985168,14.8,7.3,-3.9
145,DELTA TSAWWASSEN BEACH,1879971.7395311058,1409206.487562229,14.0,7.9,1.5
146,FORT LANGLEY TELEGRAPH TRAIL,1940239.3613934016,1431953.6945820507,15.0,8.1,-1.0
147,HANEY UBC RF ADMIN,1937793.0741591398,1452206.197888162,14.0,8.0,-1.0
148,LAIDLAW,2048320.7791981127,1467897.0948632667,15.0,7.8,-1.0
149,MISSION WEST ABBEY,1971373.9261931125,1433313.6807300048,15.5,8.1,2.0
150,N VANC GROUSE MTN RESORT,1881639.6626453763,1472165.99537135,8.5,3.6,-1.0
151,PITT MEADOWS CS,1924783.2738678316,1442669.536468085,15.6,8.2,-2.5
152,POINT ATKINSON,1860846.2211541394,1463459.7394603556,14.3,7.6,2.4
153,RICHMOND NATURE PARK,1879971.7395311058,1436374.4527804255,19.5,7.8,-3.0
154,SANDHEADS CS,1856620.815931322,1425326.9042688264,13.6,8.2,3.7
155,SUMAS CANAL,1989276.3009529463,1426515.9444705658,16.0,8.5,1.5
156,VANCOUVER SEA ISLAND CCG,1869519.4213483434,1438415.585774635,14.4,7.6,-0.8
157,VANCOUVER INTL A,1869853.005971199,1440457.2137883417,14.3,7.4,-1.9
158,VANCOUVER HARBOUR CS,1876747.0881768474,1457490.0755692637,13.1,8.5,1.9
159,WEST VANCOUVER AUT,1868852.2521026367,1466360.8218767392,13.7,8.3,1.7
160,WHISTLER ROUNDHOUSE,1896206.1911766678,1590336.0070834085,8.0,-1.2,-10.0
161,WHITE ROCK CAMPBELL SCIENTIFIC,1914330.955685072,1410393.2570159007,16.5,9.0,0.3
162,N VAN SEYMOUR HATCHERY,1893982.2936909732,1481907.2160095507,13.5,6.8,-2.0
163,HOPE A,2057327.5640151722,1469945.8961956464,15.0,7.8,-1.2
164,HOPE AIRPORT,2057883.5383865952,1470287.4116995884,14.9,7.7,-1.5
165,HOPE SLIDE,2086794.2057006129,1452717.3957666662,14.0,4.0,-4.5
166,LILLOOET,2008846.5988270505,1697741.2456432125,14.8,5.2,-2.8
167,LYTTON A,2047987.1945752571,1617404.537337374,14.0,5.5,-3.3
168,LYTTON RCS,2047987.1945752571,1617404.537337374,14.5,5.6,-3.4
169,HEDLEY N,2216225.0393679803,1469262.9068641197,12.0,3.6,-5.0
170,HEDLEY NP MINE,2221451.19845936,1470116.6522109406,11.5,0.7,-8.5
171,JELLICOE,2186869.592556825,1522188.4156743828,11.5,1.7,-9.5
172,KELOWNA,2293060.697498697,1571129.2761266679,12.8,2.8,-7.7
173,KELOWNA UBCO,2290614.4102644315,1568364.3917436684,13.2,3.6,-5.6
174,KELOWNA MWS0,2290614.4102644315,1569919.5261892956,13.2,3.6,-5.5
175,MERRITT,2137387.8735001427,1598135.1819529003,13.8,3.2,-8.4
176,MERRITT STP,2134830.391391594,1598308.5801671892,13.5,3.9,-6.5
177,OKANAGAN CENTRE,2285610.6409216225,1588257.4631748553,11.5,3.7,-2.5
178,OLIVER STP,2274491.1534931534,1437735.1531240102,15.0,6.0,-5.0
179,OSOYOOS CS,2286055.4204187603,1412088.9315051408,12.8,5.4,-5.5
180,PEACHLAND,2255365.635116187,1541110.324335238,12.5,4.6,-2.0
181,PENTICTON A,2268153.0456589265,1486183.2529738685,13.0,4.6,-5.1
182,PRINCETON A,2166854.5151855834,1487038.722138458,8.5,1.3,-8.5
183,VERNON BELLA VISTA,2300621.948950053,1624359.439015056,12.5,3.0,-4.0
184,VERNON AUTO,2313520.554367076,1617230.7395496937,12.0,2.1,-5.4
185,VERNON NORTH,2305069.7439214415,1638286.7857552124,9.5,2.2,-4.0
186,VERNON SILVER STAR LODGE,2328865.447018363,1640900.7739976095,4.5,-2.3,-10.0
187,WINFIELD,2288946.4871501615,1584967.4981842805,11.5,3.4,-3.0
188,PRINCETON CS,2167188.0998084354,1486525.430163581,8.7,0.7,-9.0
189,SUMMERLAND CS,2262926.8865675465,1503309.2537181266,12.9,4.0,-4.3
190,MIDWAY,2360444.7913152114,1408019.8849548623,12.5,2.5,-8.0
191,BILLINGS,2420934.8029260794,1410223.7083049882,11.5,2.5,-6.0
192,CASTLEGAR A,2487095.7531254645,1457660.578551013,12.2,3.0,-7.3
193,CASTLEGAR BCHPA DAM,2471417.2758513237,1465678.1240877789,12.5,4.0,-3.0
194,CRESTON,2611078.037952885,1423798.3847411629,12.0,3.4,-6.0
195,DUNCAN LAKE DAM,2560595.5650276374,1620011.9415325494,8.0,1.6,-8.5
196,FAUQUIER,2438725.982811628,1556451.3340964979,9.0,1.9,-6.0
197,KASLO,2566266.503616156,1563528.052707754,9.0,3.0,-7.0
198,LISTER,2617749.7304099645,1412767.29672076,10.5,2.8,-7.5
199,NAKUSP CS,2466635.896257082,1625229.2123170206,9.9,2.2,-5.9
200,NELSON NE,2534575.9644450224,1507253.1932651289,10.0,3.4,-4.5
201,NEW DENVER,2516340.0050623347,1577872.5331843076,9.5,2.7,-5.0
202,NELSON CS,2523567.6718908385,1490975.0052761976,12.4,3.6,-4.8
203,WARFIELD RCS,2475309.096451289,1426346.0713131716,11.4,3.3,-6.4
204,CRESTON CAMPBELL SCIENTIFIC,2612968.3508157227,1421251.4679573914,11.7,3.3,-5.1
205,NELSON RIXEN CREEK,2513115.353708079,1494570.6184972022,10.5,2.1,-6.0
206,BAYNES LAKE KOOTENAY RIVER,2755297.7899001148,1445733.7130070599,12.5,0.5,-12.5
207,CRANBROOK A,2692917.4654264078,1511713.7992932918,10.9,0.4,-13.7
208,CRANBROOK AIRPORT AUTO,2692139.101306416,1512743.5077806907,10.7,0.5,-13.8
209,FERNIE,2771754.6312942486,1490632.646382194,13.5,1.2,-13.0
210,FORDING RIVER COMINCO,2795995.113888308,1604379.8005652651,8.5,-5.4,-23.2
211,FT STEELE DANDY CRK,2728611.0200717915,1496625.947733352,13.0,0.8,-12.5
212,KIMBERLEY PCC,2672902.3880551658,1514974.9778510742,10.0,-0.5,-13.0
213,KOOTENAY NP WEST GATE,2661894.095500982,1688445.109628872,9.0,0.9,-9.5
214,SPARWOOD,2792881.6574083376,1534568.815707378,11.0,-0.2,-16.0
215,SPARWOOD CS,2792770.4625340523,1534568.815707378,10.8,-0.5,-16.2
216,WARDNER KTNY HATCHERY,2728722.2149460767,1487894.2786170458,12.0,1.8,-10.5
217,WASA,2709707.8914433955,1545244.447396989,11.0,1.3,-11.5
218,ASHCROFT,2081456.8517349462,1701954.2706601182,13.5,4.6,-4.2
219,BLUE RIVER A,2302845.8464357466,1955350.3537135841,8.4,-0.9,-13.8
220,BLUE RIVER CS,2302845.8464357466,1955350.3537135841,10.3,-0.4,-12.6
221,BUFFALO LAKE,2103473.436843314,1879630.194519733,9.5,-0.4,-15.0
222,CLEARWATER AUTO,2214779.506002279,1869587.42044082,11.0,1.3,-8.3
223,CLINTON (AUT),2056549.199895179,1779046.6700700289,9.4,0.5,-11.6
224,CLINTON A,2036534.1225239355,1800521.478231931,10.5,-0.3,-10.2
225,CRISS CREEK,2142947.617214376,1758688.8433715897,11.0,-0.2,-16.0
226,DARFIELD,2203548.823699528,1806032.3830424398,12.0,2.1,-4.5
227,KAMLOOPS A,2173970.987139802,1701076.3793132072,15.1,4.0,-4.5
228,KAMLOOPS AUT,2174749.3512597936,1700900.8122772416,14.8,4.1,-4.3
229,100 MILE HOUSE 6NE,2088573.323689165,1874607.2549426993,10.0,-0.6,-12.0
230,RED LAKE,2134941.5862658788,1741909.5751758888,10.0,1.2,-12.0
231,SILVER CREEK,2296174.153978667,1673383.0870795036,9.0,1.7,-7.0
232,SUN PEAKS MOUNTAIN,2233793.82950496,1736265.329994114,3.0,-4.6,-11.0
233,VAVENBY,2248582.7477848236,1855798.8450453337,10.0,1.7,-8.0
234,KAMLOOPS PRATT ROAD,2201658.510836687,1683012.6040855786,11.0,2.3,-4.5
235,SALMON ARM CS,2302734.651561463,1701076.3793132072,11.5,2.3,-4.9
236,SUN PEAKS LOWER,2237018.4808592154,1733444.662110474,7.5,-1.8,-13.5
237,SUN PEAKS UPPER,2233015.4653849686,1736089.0098569961,2.5,-4.1,-12.0
238,GOLDEN A,2559483.61628479,1806388.0530487625,9.0,-0.7,-12.5
239,GOLDSTREAM RIVER,2399029.412691997,1865466.3042806368,7.0,-0.5,-9.0
240,MICA DAM,2381238.2328064484,1941595.9797356725,5.5,-0.1,-8.0
241,REVELSTOKE A,2425938.57226889,1747557.705494903,9.8,0.9,-7.2
242,REVELSTOKE AIRPORT AUTO,2426716.936388882,1745968.7757436875,10.1,1.0,-7.4
243,YOHO PARK,2630314.7512041335,1832037.1295967316,5.0,-4.3,-22.9
244,YOHO NP EMERALD LAKE,2608520.5558443363,1830253.3341604723,15.5,-1.9,-16.0
245,YOHO NP OHARA LAKE,2631204.3101984104,1816531.1694584582,5.0,-5.0,-23.0
246,CHARLIE LAKE,2110812.298546102,2748946.1652738266,12.0,-8.0,-30.0
247,CHETWYND A,2042983.4252324463,2627469.9769464266,11.7,-5.9,-28.1
248,DAWSON CREEK A,2203548.823699528,2638326.5988465445,11.1,-8.6,-29.2
249,FORT ST. JOHN A,2141613.27872296,2736931.783679407,9.7,-9.6,-29.2
250,MACKENZIE,1875523.944559718,2551311.961733721,7.3,-6.1,-24.5
251,MACKENZIE AIRPORT AUTO,1874967.970188295,2552483.9745234605,7.5,-5.8,-23.8
252,SIKANNI CHIEF,1921669.8173878614,2942149.542908429,11.0,-8.0,-34.2
253,DEASE LAKE A,1108501.701743986,3186980.0235804254,5.7,-11.2,-34.7
254,FORT NELSON A,1935124.3971763055,3275411.261941622,11.7,-14.7,-37.5
255,FORT NELSON UA,1937793.0741591398,3276485.707946309,11.5,-13.7,-35.5
256,DEASE LAKE (AUT),1109057.676115409,3187829.440670982,5.7,-11.3,-34.8
257,ATLIN,700527.7079934927,3434168.825935318,7.5,-8.8,-31.0
258,PLEASANT CAMP,403970.97827624466,3408529.201279632,5.0,-4.4,-22.0
260,BURWASH A,106747.07931329482,3841265.182454127,9.4,-15.9,-42.9
261,BURWASH A,105635.13057044585,3840336.94728198,11.0,-15.7,-43.5
262,BURWASH AIRPORT AUTO BC,109304.56142184205,3840336.94728198,9.7,-16.2,-43.7
263,CARMACKS CS,423430.08127606515,4016019.774834999,10.6,-17.1,-43.5
264,DAWSON A,96961.93037624356,4489718.034728122,3.0,-20.7,-47.1
265,FARO A,736888.4318845832,4037925.9549328415,6.8,-16.2,-44.8
266,FARO (AUT),736554.8472617276,4038164.4319371367,6.8,-16.4,-44.8
267,HAINES JUNCTION,269091.5957689271,3703792.748058078,10.1,-12.6,-38.9
270,MACMILLAN PASS,1107834.532498278,4289582.236080122,2.4,-17.1,-40.9
272,MAYO A,459457.2205443032,4382061.541280928,4.8,-18.5,-48.2
273,MAYO ROAD,535625.70942931,3727286.91057646,9.0,-14.2,-43.5
278,DAWSON,96405.95600482066,4491496.577247943,3.5,-20.8,-47.1
279,TESLIN (AUT),808053.1514267777,3567072.910129999,6.5,-12.2,-35.8
280,WATSON LAKE (AUT),1242936.304754166,3556128.6308261594,7.1,-16.2,-40.4
281,WHITEHORSE A,548524.3148463315,3689232.4329214646,7.8,-12.4,-36.7
282,WHITEHORSE AUTO,545077.2737435088,3694689.1497021364,8.1,-12.0,-35.6
286,DEADMEN VALLEY,1727078.7873896693,3814856.8700866913,7.8,-18.4,-44.4
288,FORT LIARD,1838384.8565486325,3581840.010940523,12.5,-15.7,-35.8
289,FORT PROVIDENCE,2490542.794228289,3828744.0105702067,1.1,-21.2,-38.0
290,FORT RELIANCE (AUT),3428360.363945291,4159132.1817952925,-8.0,-28.6,-41.7
291,FORT SIMPSON CLIMATE,2086349.426203472,3932108.637877659,-0.4,-20.8,-38.8
292,FORT SIMPSON A,2086349.426203472,3932108.637877659,-0.9,-20.8,-38.5
293,FORT SMITH A,3117681.8851938904,3534288.846018822,-4.8,-23.1,-38.1
294,FORT SMITH CLIMATE,3121351.316045285,3535624.1130195362,-4.7,-22.8,-37.5
295,HANBURY RIVER,3877031.681683979,4378059.117035271,-11.6,-31.2,-42.5
296,HAY RIVER A,2692806.2705521258,3719066.756089556,-2.5,-21.4,-39.0
297,HAY RIVER CLIMATE,2693473.439797832,3718838.5506374585,-2.3,-21.0,-37.6
298,INNER WHALEBACKS,2921534.1269557136,3969807.0741949854,-5.7,-24.6,-36.1
300,LAC LA MARTRE,2530239.36434792,4262464.438313604,-3.5,-25.8,-39.6
305,RABBIT KETTLE,1422293.6369753566,3979972.1608303348,-0.6,-12.6,-42.6
306,RAE LAKES,2521010.189782293,4507268.904637621,-1.6,-24.7,-38.6
308,YELLOWKNIFE A,2842140.986716451,4099235.487994644,-4.9,-25.9,-41.5
309,YELLOWKNIFE-HENDERSON,2848479.0945506785,4096109.482619296,-4.5,-26.1,-42.0
310,YOHIN,1807806.266120346,3811389.2285782015,11.4,-17.9,-39.2
313,LUTSELK'E CS,3259121.7652840056,4087940.1993386196,-6.9,-27.9,-41.7
314,LINDBURG LANDING,1906880.8991079978,3784398.242663634,-0.7,-24.4,-37.3
316,ARVIAT A,5106958.186146837,3777263.5378949353,-13.6,-31.5,-39.1
317,BAKER LAKE CLIMATE,4892574.468525972,4559670.964026594,-14.3,-33.5,-40.3
318,BAKER LAKE A,4883901.268331768,4555054.229920627,-14.1,-33.1,-40.4
322,CORAL HARBOUR A,6298188.874358627,4527927.757945365,-21.8,-34.1,-43.7
323,CORAL HARBOUR RCS,6269500.5967931785,4563777.26029848,-21.6,-33.9,-42.6
324,ARVIAT CLIMATE,5107514.16051826,3778643.902661386,-13.5,-31.7,-39.3
330,RANKIN INLET A,5324566.555121959,4183426.3069389453,-17.7,-33.6,-40.0
331,SANIKILUAQ,6753976.664051535,2796991.5423989045,-16.7,-29.0,-35.8
337,BREVOORT ISLAND,8434575.993990205,4313333.193710155,-16.1,-25.6,-32.9
344,CAPE DORSET CLIMATE,7057538.670848714,4537640.385324507,-20.8,-28.6,-35.8
345,CAPE DORSET A,7058094.645220137,4537384.618975404,-20.7,-28.5,-35.5
351,CAPE MERCY,8497734.682583904,4726078.399335726,-15.4,-27.4,-35.5
359,IQALUIT AWOS,7944873.7676404705,4415670.5989379035,-18.1,-31.9,-38.9
360,IQALUIT CLIMATE,7945540.936886178,4414916.415251075,-18.0,-32.1,-39.6
368,RESOLUTION ISLAND,8380424.090213567,3894605.700875473,-16.3,-25.3,-31.3
377,ABEE AGDM,3005931.036537785,2355354.4068168215,6.4,-13.6,-29.8
378,ALBERT HALL AGCM,3204525.0820102273,2135591.6309777983,4.9,-13.3,-32.4
379,ALLIANCE AGCM,3138030.547187988,1989111.6400856795,6.1,-11.2,-26.4
380,ANDREW AGDM,3082433.1100456472,2285948.5816260055,4.9,-13.2,-29.5
381,BELLSHILL AGCM,3172945.737713377,2037824.3585253907,5.0,-11.8,-26.5
382,BODO AGDM,3324615.546237683,1954444.740253862,5.0,-12.7,-27.7
383,BRETON,2837359.607122211,2145601.4770556455,12.0,-8.3,-24.0
384,BRETON PLOTS,2842029.791842166,2131146.845482814,12.8,-7.5,-24.2
385,BUSBY,2903409.3624473107,2301067.0564831095,8.5,-11.1,-23.0
386,BUSBY AGCM,2899739.9315959145,2288592.221756612,8.4,-10.3,-27.1
387,CADOGAN AGCM,3279136.8426552475,1992568.351273776,4.8,-12.9,-26.1
388,CAMROSE,3022943.8523033434,2121155.1330577005,7.2,-10.8,-26.5
389,CAMROSE 2,3024500.5805433285,2105452.755408614,6.0,-18.5,-25.0
390,CARNWOOD,2818345.2836195296,2158038.625515815,12.0,-7.3,-26.5
391,CONSORT AGDM,3256564.283175458,1920647.4961309647,4.9,-12.7,-28.6
392,CORONATION CLIMATE,3174724.8557019327,1945394.1887713848,5.0,-12.7,-30.7
393,CRESTOMERE AGCM,2901852.6342073255,2065504.9529475365,10.5,-9.2,-29.7
394,DAKOTA WEST,2896626.4751159446,2068627.3104051482,11.5,-7.7,-28.0
395,DELBURNE AGCM,2982691.307812288,1965137.4611240597,9.0,-8.6,-24.0
396,DEWBERRY AGCM,3270463.642461044,2237387.947654985,3.0,-15.2,-31.8
397,DONALDA SOUTH,3074427.07909715,2025938.2275352208,6.5,-10.7,-31.0
398,EDGERTON AGCM,3287698.8479751693,2073772.6737257456,4.6,-13.8,-31.6
399,EDMONTON CITY CENTRE AWOS,2944551.4659326435,2221079.8894151747,8.3,-8.9,-22.3
400,EDMONTON INTERNATIONAL CS,2934877.5118698743,2171611.7261835393,7.4,-10.4,-28.5
401,EDMONTON MUNICIPAL CR10,2944773.8556812108,2221267.1476029037,8.1,-9.0,-21.6
402,EDMONTON NAMAO AWOS A,2950333.599395444,2238889.2281665932,8.3,-10.5,-25.1
403,EDMONTON INTL A,2937879.773475562,2172170.021019729,6.8,-10.5,-28.4
404,EDMONTON VILLENEUVE A,2907078.7932987036,2239076.9082698487,8.2,-9.4,-26.0
405,EDMONTON STONY PLAIN,2879057.684978966,2216587.0208144514,10.0,-8.3,-21.5
406,EDMONTON WOODBEND,2918865.449972881,2192108.244694083,10.0,-9.2,-26.5
407,ELK ISLAND NAT PARK,3016939.3290919703,2241892.644458132,9.4,-10.7,-28.4
408,FABYAN,3224651.354255754,2108590.7597851595,5.5,-14.0,-30.0
409,FERINTOSH AGCM,3018051.2778348178,2067525.1628120309,6.0,-10.6,-29.4
410,FORESTBURG PLANT SITE,3100113.095056911,2016807.009973988,8.5,-9.0,-25.0
411,FORESTBURG AGCM,3099779.5104340585,2031604.8018683195,6.4,-11.1,-26.5
412,FORT SASKATCHEWAN,2981912.943692296,2248278.6948403567,8.0,-7.6,-25.0
413,GILT EDGE NORTH AGCM,3266794.211609647,2127814.8827685714,4.5,-13.3,-29.4
414,GLENEVIS AGCM,2831132.6941622673,2270105.3256111834,10.0,-7.9,-21.8
415,HALKIRK AGCM,3095220.520588385,1952995.9700343143,5.4,-14.0,-30.0
416,HEMARUKA AGCM,3201078.0409074016,1892380.887751799,5.3,-12.2,-30.8
417,HOLDEN AGDM,3086102.5408970406,2148940.8912018184,6.6,-11.9,-27.6
418,HUGHENDEN AGCM,3248669.447101246,2037092.3956779335,4.6,-12.7,-27.6
419,KILLAM AGDM,3127689.4238795107,2086650.5803571735,5.1,-12.0,-27.6
420,KESSLER AGCM,3212086.3334615855,1984565.5959715825,5.9,-12.3,-30.0
421,KITSCOTY AGCM,3289589.1608380084,2180176.5618005553,3.6,-13.3,-24.1
422,LEGAL AGCM,2949555.2352754544,2302202.112601934,4.3,-11.8,-23.1
423,LINDBERGH AGDM,3271464.396329606,2290858.9049568065,5.9,-14.7,-32.7
424,LLOYDMINSTER,3327729.002717654,2171983.9183820467,4.5,-13.9,-27.3
425,LLOYDMINSTER A,3327729.002717654,2171983.9183820467,4.4,-14.2,-27.3
426,MANNVILLE AGCM,3196296.6613131613,2199387.921541388,5.7,-13.1,-27.6
427,MUNDARE AGDM,3080098.017685669,2220143.664897074,5.3,-11.3,-24.8
428,MYRNAM AGCM,3211975.1385873016,2248842.417652542,6.5,-14.1,-34.5
429,NEW SEREPTA AGCM,2983914.4514294188,2163242.006903503,6.8,-10.5,-25.0
430,OLIVER AGDM,2963343.399686754,2235699.3476244593,8.3,-10.1,-26.8
431,RADWAY AGCM,3015716.1854748395,2300688.7407955155,7.4,-12.2,-28.8
432,RANFURLY AUTO,3143923.875525076,2193600.9671975113,4.4,-12.8,-27.0
433,RIBSTONE SOUTH AGCM,3297706.386660791,2038739.4060190292,5.1,-13.1,-28.4
434,RIVERCOURSE AGCM,3324504.3513633977,2118197.028954643,4.0,-14.3,-28.6
435,ROCKY MTN HOUSE (AUT),2789657.0060540806,2008415.4462109087,11.8,-8.5,-29.2
436,ROSALIND AGCM,3065865.07377723,2074140.326314574,6.0,-11.1,-26.4
437,ST. LINA AGCM,3174280.076204795,2355163.9358894685,7.1,-13.2,-28.7
438,ST. PAUL AGCM,3194406.3484503203,2303715.775306876,6.0,-15.0,-31.1
439,SEDALIA AGCM,3251894.0984555017,1858304.1196857132,4.6,-12.5,-30.0
440,SHONTS AGCM,3053522.4427316296,2176451.585382805,7.4,-11.6,-28.4
441,SMOKY LAKE AGDM,3057970.237703018,2354402.0984091572,7.2,-12.5,-25.7
442,SPONDIN AGCM,3148705.2551193177,1898853.6947607147,5.7,-11.6,-29.5
443,STETTLER AGDM,3047184.3348974027,1994934.3251299486,6.2,-10.3,-24.8
444,THORSBY AGCM,2902742.1932016024,2154881.089909588,8.7,-9.5,-26.7
445,TOMAHAWK AGDM,2811228.811665311,2196213.9076347733,11.6,-8.0,-22.6
446,TULLIBY LAKE AGCM,3326839.443723376,2238326.21457858,5.7,-15.1,-34.2
447,TWO HILLS AGDM,3149261.2294907407,2231010.6823051805,4.1,-11.9,-24.1
448,VERMILION AGDM,3237772.349421346,2178500.106195911,4.2,-13.5,-31.8
449,VIKING AGCM,3143256.7062793663,2148384.2248639297,4.9,-12.3,-26.8
450,VIKING NORTH 3,3139364.885679403,2167146.779063696,6.5,-13.4,-28.5
451,VILNA AGCM,3122240.875039562,2326265.948630359,7.3,-13.3,-31.7
452,VIOLET GROVE CS,2765861.302957159,2141336.4855870856,12.6,-6.9,-23.7
453,VEGREVILLE,3102559.3822911745,2208543.665375228,5.4,-12.7,-30.4
454,WETASKIWIN AGCM,2952891.081503993,2110991.242975667,8.3,-10.3,-29.6
455,EDMONTON STONY PLAIN CS,2879057.684978966,2216399.873256607,9.9,-8.6,-21.7
456,ESTHER 1,3312940.084437791,1872634.8070697524,6.1,-12.0,-28.1
457,UNIVERSITY OF ALBERTA METABOLIC CENTRE,2942994.7376926583,2210787.501433717,10.0,-8.5,-21.0
458,WAINWRIGHT CFB AIRFIELD 21,3213976.6463244245,2083153.0974189192,4.6,-13.2,-28.0
459,ACADIA VALLEY,3300597.453392191,1765056.2879905347,7.7,-11.2,-29.6
460,ATLEE AGCM,3223984.185010046,1719883.7296920195,7.2,-9.4,-28.0
461,BEISEKER AGCM,2962565.0355667593,1820627.5794895096,10.3,-8.2,-28.0
462,BIG VALLEY AGCM,3024166.995920474,1931656.7424361203,7.6,-9.4,-25.7
463,CRAIGMYLE AGCM,3085435.3716513324,1891482.295318666,7.3,-10.3,-26.1
464,CRAIGMYLE,3081988.3305485095,1890044.7544886041,8.5,-10.3,-26.0
465,DRUMHELLER EAST,3038177.550080343,1832393.9355537249,10.6,-8.9,-28.7
466,HESPERO AGCM,2837026.022499355,1988202.2258973997,12.6,-9.0,-29.2
467,HUSSAR AGDM,3057859.0428287326,1785784.7505663019,12.6,-8.2,-20.9
468,LACOMBE CDA 2,2918198.2807271727,2013522.3109586826,11.6,-9.0,-27.5
469,LEEDALE AGDM,2838471.555865057,2032519.1402564337,8.5,-9.6,-30.0
470,LINDEN AGCM,2929317.7681556405,1863496.074291953,10.3,-8.7,-31.7
471,MORRIN AGDM,3038399.9398289137,1870842.0882409727,6.8,-9.7,-25.5
472,OLDS AGDM,2881615.1670875135,1888607.4684016975,10.5,-7.5,-22.1
473,OYEN AGDM,3296928.0225407975,1821340.2087177914,5.5,-11.6,-25.8
474,POLLOCKVILLE AGDM,3146258.967885054,1775502.5398775702,7.2,-10.7,-31.9
475,PRENTISS,2935544.681115584,2010603.7052231124,9.1,-8.7,-22.4
476,RED DEER REGIONAL A,2902853.3880758877,1964956.1104415962,8.5,-9.2,-30.4
477,SCHULER AGDM,3325727.4949805285,1631842.4758889806,10.2,-8.1,-27.1
478,SIBBALD WESTGARD,3319611.776894872,1828826.5789217595,4.5,-12.3,-31.0
479,THREE HILLS,2979355.461583747,1890224.4331586696,8.6,-9.3,-31.0
480,SUNDRE A,2815120.6322652744,1892021.438830059,13.7,-7.1,-28.0
481,WIMBORNE AGCM,2936545.4349841443,1920467.141445728,9.1,-8.3,-27.5
482,AZURE,2889621.198036011,1667610.7670658184,16.2,-4.0,-20.5
483,BARNWELL AGDM,3080098.017685669,1544038.4498434784,16.8,-3.7,-22.1
484,BARONS AGCM,2977353.9538466246,1583063.3766346117,16.3,-4.2,-23.7
485,BASSANO AGCM,3061750.863428696,1734502.2990087308,9.9,-8.4,-29.7
486,BLACK DIAMOND,2874165.110510439,1701778.6849010773,16.3,-4.9,-24.1
487,BLOOD TRIBE AGDM,2996701.8619721583,1503995.0227583991,14.9,-2.9,-22.4
488,BOW ISLAND,3174613.6608276474,1532676.1775130704,14.8,-4.8,-23.7
489,BOW ISLAND IRRIGATION AGDM,3182063.717404722,1555588.7307324912,14.8,-4.9,-22.2
490,BROCKET AGDM,2911415.3933958067,1512571.880895798,14.5,-2.2,-21.0
491,BROOKS,3130246.905988061,1675133.072416762,9.6,-8.1,-29.6
492,CALGARY INTL A,2889621.198036011,1775148.2112703258,14.9,-4.6,-19.8
493,CALGARY INT'L CS,2889510.0031617256,1772668.3404576713,14.5,-4.9,-20.7
494,CARDSTON,2970459.871640973,1441478.2135305498,15.8,-1.5,-21.0
495,CARWAY,2960452.332955351,1407511.3920396613,16.0,-2.3,-18.7
496,CHAMPION AGDM,2963343.399686754,1627491.0503846798,17.9,-4.7,-23.4
497,CLARESHOLM,2931208.081018481,1579256.441311418,17.0,-3.4,-24.7
498,COP UPPER,2866381.4693105104,1766825.901376512,13.7,-4.7,-18.9
499,ENCHANT AGDM,3065309.099405807,1610281.813658191,15.4,-5.0,-21.8
500,ETZIKOM AGCM,3218646.831044381,1501595.0768684233,17.1,-5.8,-26.4
501,FINCASTLE AGDM,3109787.04911968,1544038.4498434784,16.3,-3.7,-18.9
502,FOREMOST AGDM,3170610.6453533988,1489605.6536135972,15.4,-4.8,-25.1
503,FORT MACLEOD AGCM,2960118.7483324986,1541626.9776917053,16.2,-2.6,-22.3
504,GLEICHEN AGCM,3008822.1032691877,1741733.1337427096,11.0,-7.2,-22.7
505,GRASSY LAKE,3143145.511405084,1556796.4004473686,17.2,-4.8,-26.0
506,IRON SPRINGS AGDM,3031950.637120403,1561283.564085775,16.1,-3.4,-19.8
507,IRVINE AGCM,3306824.3663521325,1576661.802437814,12.4,-6.2,-26.2
508,LETHBRIDGE,3024611.775417614,1514803.3051658133,16.1,-3.2,-24.7
509,LETHBRIDGE CDA,3028058.8165204395,1525969.3692501076,17.1,-2.5,-23.3
510,LETHBRIDGE DEMO FARM AGDM,3030060.324257562,1523906.8188432837,16.3,-2.8,-23.2
511,MEDICINE HAT,3255674.72418118,1581851.8899544496,13.7,-5.9,-25.5
512,MEDICINE HAT RCS,3256119.5036783176,1582890.296300197,14.9,-6.0,-27.2
513,MOSSLEIGH AGCM,2963454.5945610395,1695810.9959986461,13.7,-6.3,-24.8
514,NEIR AGDM,2880058.4388475283,1818846.2788288752,14.4,-5.3,-21.9
515,PINCHER CREEK,2891400.3160245633,1496112.0681404592,13.5,-2.4,-22.7
516,PINCHER CREEK CLIMATE,2890510.7570302878,1496283.3578349287,13.4,-2.5,-22.9
517,QUEENSTOWN,3004151.9185492327,1684063.7774019297,15.0,-6.4,-24.5
518,RAYMOND AGDM,3037510.3808346367,1489605.6536135972,16.0,-2.8,-22.6
519,ROLLING HILLS AGCM,3146703.747382192,1624533.3863703962,12.5,-6.6,-28.2
520,ROSEMARY AGDM,3107896.7362568392,1723932.053998869,9.5,-10.0,-31.2
521,SEVEN PERSONS AGDM,3233880.5288213827,1564218.7863118136,14.9,-5.6,-23.6
522,STANDARD AGCM,3004263.1134235146,1793771.2442325167,10.1,-7.1,-20.9
523,STAVELY AAFC,2904076.531693019,1610281.813658191,15.1,-3.0,-18.5
524,STRATHMORE AGDM,2970793.4562638286,1759219.274785256,10.6,-7.0,-23.5
525,TABER,3099668.3155597732,1542660.3804002274,16.5,-6.4,-20.0
526,TRAVERS AGCM,3017495.3034633934,1631320.184079145,16.8,-4.9,-21.6
527,VAUXHALL CDA CS,3098667.561691211,1587218.3861567108,17.0,-5.0,-21.7
528,WILDCAT HILLS,2810895.227042455,1801054.6290899692,14.5,-5.0,-22.5
529,WRENTHAM AGDM,3100446.679679765,1492515.7934252974,14.7,-3.6,-21.1
530,OKOTOKS,2895403.3314988133,1705642.4370823195,16.0,-4.7,-22.0
531,DEL BONITA AGDM,3022610.2676804876,1415820.615344786,15.4,-2.7,-20.2
532,MANYBERRIES AGCM,3260456.103775422,1469262.9068641197,14.5,-6.3,-28.6
533,MASINASIN AGDM,3152152.296222142,1430593.927979475,16.7,-3.3,-23.3
534,MILK RIVER,3107896.7362568392,1429914.1269772733,17.2,-3.8,-23.9
535,ONEFOUR CDA,3283918.222249488,1427195.471345191,13.0,-6.0,-26.3
536,PAKOWKI LAKE AGCM,3210640.8000958837,1445563.4516976895,14.8,-4.4,-25.0
537,BANFF CS,2718492.2865118845,1787558.8527605413,9.9,-2.5,-21.2
538,BEAVER MINES,2871607.628401892,1487038.722138458,12.0,-2.3,-23.8
539,BOW VALLEY,2772421.800539955,1768064.8583108103,13.5,-3.4,-24.3
540,CROWSNEST,2837470.801996493,1514459.9703679439,11.3,-2.2,-20.8
541,JASPER WARDEN,2442951.3880344452,2101024.7305172216,10.0,-4.2,-21.6
542,KANANASKIS,2775980.036517066,1758335.241503303,14.0,-2.8,-21.0
543,KANANASKIS POCATERRA,2766528.4722028673,1702832.2556383982,9.0,-4.8,-20.0
544,NORDEGG CS,2664229.1878609606,2021371.3210373074,13.5,-5.4,-22.4
545,PEKISKO,2844809.6636992837,1642469.563451087,11.3,-4.5,-25.3
546,WATERTON PARK GATE,2912304.952390085,1429574.2470456213,13.8,-2.2,-25.9
547,NAKISKA RIDGETOP,2758744.8310029404,1743321.2432463262,5.3,-6.1,-18.7
548,ATHABASCA AGCM,2959785.1637096433,2422689.4889753405,8.1,-10.8,-26.4
549,ATMORE AGDM,3021720.7086862107,2450982.08901575,7.1,-12.6,-32.8
550,BARRHEAD CS,2841251.427722174,2319626.8323272653,11.3,-9.6,-26.9
551,BRULE BLACK CAT,2461076.152542848,2179617.703940211,12.0,-6.3,-23.5
552,CAMPSIE AUTO,3149261.2294907407,2326455.7200602526,12.4,-9.2,-29.8
553,DAPP AGDM,2896626.4751159446,2361833.1711653154,6.9,-11.8,-31.0
554,EDSON,2616971.3662899714,2222390.7897404106,9.0,-8.3,-26.0
555,EDSON CLIMATE,2618305.704781389,2222578.0789343435,12.9,-7.6,-28.2
556,ENTWISTLE,2781762.1699798703,2226324.7935777865,14.0,-5.0,-25.0
557,EVANSBURG AGCM,2766083.6927057295,2221267.1476029037,11.8,-7.8,-25.2
558,FORT ASSINIBOINE AGCM,2805557.873076792,2379581.890890008,12.2,-9.2,-26.5
559,FORT MCMURRAY CS,3200966.8460331177,2820015.444333953,2.9,-17.6,-39.6
560,FORT MCMURRAY A,3199854.8972902703,2820419.9932023296,-2.8,-18.2,-38.5
561,HENDRICKSON CREEK,2396583.1254577334,2262948.5760262636,9.4,-7.7,-27.9
562,HIGH PRAIRIE AGDM,2615414.638049986,2570281.27631006,8.3,-9.9,-27.5
563,ISLAND LAKE SOUTH,2941882.788949811,2458505.542064653,7.1,-11.5,-30.7
564,LAC LA BICHE CLIMATE,3110787.8029882405,2448475.8835774567,8.1,-13.2,-30.0
565,MILDRED LAKE,3162493.4195306175,2899311.789105448,2.9,-16.7,-36.0
566,RICH LAKE AGDM,3146814.942256477,2396796.4403688824,6.8,-14.3,-32.4
567,SLAVE LAKE,2804668.314082513,2550140.126172784,7.7,-10.7,-25.0
568,SLAVE LAKE RCS,2804668.314082513,2550140.126172784,7.0,-11.0,-25.5
569,TAWATINAW AGCM,2944440.2710583583,2358593.1202043043,6.4,-11.3,-25.6
570,WHITECOURT,2692695.0756778405,2328163.8690991206,12.3,-8.2,-23.0
571,WHITECOURT A,2692361.4910549847,2328923.165603944,11.6,-8.6,-24.0
572,WILLOW CREEK 1,2407591.418011917,2186326.595923124,9.4,-6.7,-26.5
573,BEAVERLODGE RCS,2291059.189761571,2531414.806203938,10.4,-8.0,-27.1
574,BROWNVALE AGCM,2458963.4499314385,2712959.3671649555,6.8,-10.6,-24.4
575,EAGLESHAM AGCM,2458852.2550571547,2651374.7621663986,7.5,-10.6,-26.9
576,EGG ISLAND,3287031.678729461,3306633.353816243,-4.5,-22.8,-39.0
577,FAIRVIEW AGDM,2397472.6844520117,2705582.955894702,6.8,-10.9,-27.0
578,FORT CHIPEWYAN,3211641.553964446,3260599.715705284,-3.0,-22.5,-40.3
579,FORT CHIPEWYAN RCS,3211641.553964446,3260599.715705284,-3.2,-22.8,-40.8
580,FORT VERMILION,2664229.1878609606,3178491.1541801756,3.1,-17.8,-34.4
581,GRANDE PRAIRIE A,2347879.7705210424,2528103.5704080705,7.8,-9.7,-30.5
582,HAWK HILLS AGCM,2524346.0360108335,2945233.3532298617,7.2,-14.8,-35.9
583,HIGH LEVEL,2539134.954290694,3229569.5978711685,4.3,-17.9,-37.0
584,HIGH LEVEL A,2539134.954290694,3229356.044657235,4.4,-18.6,-38.0
585,JEAN COTE AGCM,2544138.723633505,2672178.8749804143,6.0,-10.7,-26.2
586,LA CRETE AGCM,2630537.140952704,3134081.832642263,2.9,-18.2,-36.1
587,LA GLACE AGCM,2306737.6670357115,2575373.7429735223,7.5,-8.4,-28.9
588,MANNING AGDM,2507333.220245275,2885630.138331892,6.9,-14.9,-31.3
589,CLEARDALE AGDM,2252252.178636217,2752153.1857361617,7.7,-10.0,-30.4
590,PEACE RIVER A,2507666.804868131,2734731.189131096,6.5,-11.5,-29.3
591,PEORIA AGDM,2413707.136097575,2614462.16834582,10.5,-7.0,-31.2
592,RED EARTH,2748959.6820658892,2800017.0383657413,10.0,-13.5,-33.5
593,RYCROFT AGCM,2372009.0582408197,2645243.327445374,8.5,-10.2,-27.7
594,SAVANNA AGCM,2296730.12835009,2704586.686978982,8.6,-9.8,-25.2
595,SIMONETTE,2475086.7067027185,2382448.3558474146,13.0,-6.9,-29.0
596,SPIRIT RIVER AUTO STATION,2309517.5388928275,2629048.172344922,11.7,-8.0,-24.6
597,TEEPEE CREEK AGCM,2400919.7255548374,2561670.8805452324,5.7,-10.3,-31.1
598,VALLEYVIEW AGDM,2535354.328565016,2512151.5351106916,9.0,-8.4,-27.8
599,GARDEN RIVER,2905966.844555858,3248600.3593396153,2.1,-20.1,-39.4
600,COLD LAKE A,3304378.0791178723,2380919.44401103,7.0,-14.6,-30.9
601,DUPRE AGCM,3239329.0776613327,2371370.4984732596,6.6,-14.8,-35.5
602,BRATT'S LAKE CLIMATE,3924067.1135063996,1613408.1097043538,0.5,-16.1,-34.0
603,BROADVIEW,4161912.949601332,1642469.563451087,-0.9,-17.8,-33.8
604,BUFFALO POUND LAKE,3849232.9631128088,1674258.0333511643,1.5,-15.7,-32.0
605,CUPAR,3973326.4428145117,1726925.5760503188,-3.0,-18.4,-36.0
606,DUVAL,3906609.5182437035,1785784.7505663019,-1.0,-16.4,-30.0
607,ESTEVAN A,4117879.7793845967,1444201.485250352,3.4,-14.6,-27.2
608,ESTEVAN A,4117990.974258882,1443009.9454290476,0.2,-16.0,-36.2
609,ESTEVAN,4117879.7793845967,1444201.485250352,4.0,-15.3,-35.8
610,INDIAN HEAD CDA,4041933.6802481604,1674258.0333511643,-1.1,-17.4,-32.3
611,KELLIHER,4030480.60819684,1798922.234439969,-1.0,-18.7,-34.0
612,KIPLING,4143899.3799672145,1613234.3956689984,-1.4,-17.0,-32.8
613,LANGENBURG,4256873.372240448,1735736.3809433207,0.5,-19.5,-36.0
614,LAST MOUNTAIN CS,3864021.881392671,1827400.0734339627,0.6,-17.6,-36.3
615,LEROY,3932629.11882632,1932017.9551961618,1.0,-19.0,-36.5
616,LIPTON 2,4015358.1052941224,1780287.4784264807,-0.5,-17.9,-31.0
617,MOOSE JAW CS,3831997.7575986832,1636196.1895196447,3.7,-14.3,-32.9
618,MUENSTER,3891820.5999638415,1992386.3820917327,1.0,-19.6,-33.0
619,OXBOW,4212395.422526577,1461241.940557274,-0.5,-17.4,-35.5
620,QU'APPELLE 1,4004905.7871113634,1677233.5449311947,0.0,-16.2,-30.0
621,REGINA RCS,3928848.49310064,1653808.5539952843,-0.1,-16.6,-34.3
622,WATROUS EAST,3847342.6502499683,1872096.9498722395,0.4,-17.5,-35.4
623,YELLOW GRASS,3982666.8122544265,1546967.6036091615,1.0,-14.5,-33.0
624,YORKTON,4173810.801149793,1800343.7690131087,-0.6,-19.3,-33.3
625,YORKTON,4174033.1908983616,1800343.7690131087,-0.3,-19.2,-33.2
626,TONKIN,4199496.817109555,1788800.9533934556,-1.0,-20.1,-36.0
627,WYNYARD (AUT),3980776.499391586,1890044.7544886041,-0.4,-18.2,-32.3
628,WEYBURN,4025254.4491054593,1526828.9155610176,0.2,-15.9,-33.8
629,ASSINIBOIA AIRPORT,3786630.248890533,1531816.029234713,6.5,-12.4,-29.8
630,BEECHY,3634849.2454919424,1723755.998425101,3.0,-13.4,-34.0
631,ELBOW CS,3715799.113971191,1776920.007747694,1.8,-15.8,-32.2
632,ELBOW 2 NE,3719468.544822586,1782946.9874264617,4.5,-15.1,-33.0
633,LUCKY LAKE,3652751.620251776,1744556.6520843962,2.0,-14.6,-31.3
634,MAPLE CREEK,3395224.291408454,1561801.4693124453,13.2,-7.3,-30.4
635,ROCK POINT,3640186.599457609,1780642.0296702664,2.0,-14.4,-30.5
636,STEWART VALLEY,3580474.951966734,1683012.6040855786,5.0,-11.1,-29.0
637,SWIFT CURRENT,3592595.193263764,1629231.34621818,6.2,-11.8,-27.4
638,SWIFT CURRENT CDA,3587925.008543809,1624881.2920382414,6.5,-11.1,-26.4
639,LEADER AIRPORT,3391332.4708084906,1737323.3303544605,6.0,-11.6,-30.2
640,CLAYDON,3435921.615396649,1429914.1269772733,8.0,-6.4,-23.5
641,CORONACH,3834332.84995866,1427195.471345191,8.5,-12.3,-34.0
642,CORONACH SPC,3838113.4756843415,1415820.615344786,7.7,-11.3,-33.3
643,CYPRESS HILLS PARK,3389886.9374427907,1516691.8985828515,11.2,-7.7,-24.9
644,EASTEND CYPRESS (AUT),3448264.246442249,1481907.2160095507,8.9,-8.5,-28.4
645,MANKOTA,3666762.1744116466,1424138.031793476,7.2,-9.6,-31.4
646,ROCKGLEN (AUT),3782960.8180391383,1435864.2468400504,6.6,-11.0,-28.9
647,VAL MARIE SOUTHEAST,3604270.655063656,1417178.0006669508,9.4,-8.5,-35.3
648,BICKLEIGH,3512979.6632759315,1805498.9070850248,3.0,-14.2,-29.5
649,BUTTE ST PIERRE,3424802.12796818,2198267.5362842763,6.0,-16.7,-37.5
650,KINDERSLEY A,3426914.8305795896,1844892.0022401009,2.8,-13.9,-31.1
651,NORTH BATTLEFORD RCS,3529770.0892929193,2072669.8173131282,3.7,-16.5,-33.2
652,NORTH BATTLEFORD,3531104.427784336,2072118.4461059961,1.9,-16.7,-32.7
653,ROSETOWN EAST,3567465.151675426,1854188.7188198129,2.5,-15.4,-32.0
654,SCOTT CDA,3465388.25708209,1997300.994834314,2.9,-15.7,-33.7
655,WASECA RCS,3402007.1787398206,2138926.8484457526,3.6,-15.0,-29.9
656,MELFORT,3936298.5496777142,2080944.9488668162,0.0,-19.3,-35.3
657,OUTLOOK PFRA,3663871.1076802453,1839176.2200106094,2.9,-14.9,-34.0
658,PILGER,3875141.3688211385,2007686.1588932145,0.0,-19.2,-36.6
659,PRINCE ALBERT A,3816986.449570252,2154324.00783394,1.7,-19.5,-41.1
660,SASKATOON RCS,3700676.611068475,1963505.4517632863,1.5,-17.4,-35.3
661,BEACON HILL,3377433.1115229055,2365265.272813826,6.0,-17.7,-37.0
662,BUFFALO NARROWS (AUT),3511422.9350359463,2657907.141297319,-0.8,-18.9,-36.1
663,CIGAR LAKE,3949308.3499690224,3115339.8387757707,-7.0,-26.4,-39.0
664,COLLINS BAY,4038820.22376819,3146109.7839764683,-6.2,-25.8,-42.5
665,COLLINS BAY CAMECO,4036373.9365339265,3136401.513979883,-8.2,-26.5,-38.5
666,ISLAND FALLS (AUT),4186487.0168182473,2597152.446952165,-2.1,-23.1,-39.4
667,JIMMY LAKE AWOS,3340071.6337632528,2475314.8487814665,5.4,-15.9,-33.0
668,KEY LAKE,3825103.6753930333,2942149.542908429,-4.0,-26.0,-43.7
669,KEY LAKE,3823213.3625301924,2942149.542908429,-4.0,-24.6,-42.5
670,KEY LAKE,3823102.167655909,2943382.916380587,-7.3,-25.5,-41.3
671,LA RONGE RCS,3861797.983906978,2521485.3339994457,-1.7,-20.5,-36.6
672,LA RONGE A,3862131.5685298303,2522458.250244639,-1.8,-20.9,-37.2
673,LOON LAKE RCS,3431696.210173832,2305418.9937406043,6.0,-16.2,-35.1
674,MEADOW LAKE A,3552676.233395564,2325317.1601832528,3.0,-18.6,-38.0
675,SOUTHEND,4082742.19911064,2755963.2680664696,-2.7,-23.3,-39.4
676,SPIRITWOOD WEST,3608273.670537905,2182785.0853577163,2.4,-17.5,-37.1
677,STONY RAPIDS,3798305.7106904234,3364905.459225321,-9.2,-27.5,-40.5
678,WASKESIU LAKE,3773175.6691020858,2285948.5816260055,-0.7,-18.5,-31.8
679,MEADOW LAKE,3500748.2271046164,2326835.27666274,3.3,-17.7,-39.1
680,URANIUM CITY (AUT),3504528.852830298,3434168.825935318,-6.6,-25.9,-41.6
681,NIPAWIN,4002125.9152542455,2176451.585382805,-7.5,-21.1,-39.7
682,NIPAWIN,4003015.4742485224,2176451.585382805,1.2,-20.6,-39.6
683,HUDSON BAY(AUT),4190156.44766964,2080944.9488668162,0.8,-20.4,-37.7
684,MCKAGUE 2,4021585.0182540645,2038007.3596735783,-0.5,-19.7,-35.0
685,PELLY,4240194.141097747,1947022.5395566626,22.0,-19.2,-38.5
686,PELLY 2,4236524.7102463525,1883938.046510146,-0.5,-19.8,-36.5
687,BALDUR,4526520.942380801,1454251.1759230932,-2.0,-17.2,-33.5
688,BRANDON A,4453132.325352911,1563010.0401018588,-1.0,-19.8,-37.1
689,BRANDON RCS,4453354.7151014805,1561283.564085775,-0.6,-19.4,-36.2
690,CARBERRY CS,4519293.275552296,1562319.4067465523,-0.9,-19.8,-36.2
691,CYPRESS RIVER RCS,4550761.4249748625,1503137.8202363476,-0.7,-18.7,-34.7
692,ELKHORN 2 EAST,4314027.537622777,1565945.8710494488,-1.0,-17.7,-35.0
693,PORTAGE SOUTHPORT,4638605.375659761,1561801.4693124453,-0.9,-17.9,-30.4
694,ROBLIN,4296236.357737226,1785784.7505663019,-1.4,-21.0,-37.6
695,ST ALPHONSE,4557099.532809088,1483959.441600862,-1.0,-17.4,-34.5
696,SHOAL LAKE CS,4380633.2673193,1657649.8919729944,-1.9,-20.7,-35.9
697,VIRDEN WATER,4343938.958805355,1551277.0526789064,0.0,-17.4,-34.0
698,WASAGAMING,4454244.274095758,1692653.3811076302,-0.7,-20.5,-39.4
699,MELITA,4338156.825342551,1455103.3969412455,-0.5,-17.4,-34.3
700,DEERWOOD RCS,4634713.555059796,1475411.8124276865,-0.7,-17.3,-30.2
701,EMERSON AUTO,4754915.214161537,1407341.901207802,-2.5,-19.0,-32.1
702,GRETNA (AUT),4719110.464641869,1412597.7003038488,-1.8,-17.8,-33.9
703,KLEEFELD (MAFRI),4792387.886795473,1495598.2200736515,-3.0,-18.5,-33.1
704,MARQUETTE,4691645.330693553,1580813.6132811727,-1.5,-18.3,-32.0
705,MIAMI THIESSEN,4642386.001385439,1483959.441600862,-0.5,-16.2,-30.0
706,MORDEN CDA CS,4660844.3505166955,1439266.2039361428,-0.3,-16.8,-30.7
707,PILOT MOUND (AUT),4569553.358728973,1439776.616094592,-1.5,-18.9,-34.6
708,SPRAGUE,4937274.807988414,1411410.6208212236,-3.4,-18.6,-38.7
709,STONY MOUNTAIN,4762810.050235749,1598828.7965388726,14.0,-17.8,-32.0
710,WINNIPEG THE FORKS,4767035.4554585675,1559212.2651449796,-2.5,-17.7,-29.7
711,CARMAN U OF M CS,4666848.873728069,1492173.3715722552,-1.4,-17.8,-32.3
712,WINNIPEG A CS,4753692.070544406,1564218.7863118136,-3.1,-19.2,-33.5
713,ARBORG,4772150.419675662,1741556.696103393,-3.0,-20.2,-36.0
714,BERENS RIVER CS,4778933.307007027,1997300.994834314,-5.1,-23.3,-38.6
715,GEORGE ISLAND (AUT),4712883.551681927,2081312.9312820015,-4.9,-22.9,-34.9
716,FISHER BRANCH (AUT),4719666.439013292,1768064.8583108103,-2.2,-20.9,-37.1
717,GIMLI HARBOUR CS,4783381.101978414,1688445.109628872,-2.1,-19.3,-32.2
718,GIMLI CLIMATE,4775819.850527057,1688795.7168429457,-2.2,-20.2,-35.2
719,GRAND RAPIDS HYDRO,4527521.696249365,2143932.295224769,-5.5,-20.2,-35.0
720,GREAT FALLS CLIMATE,4895131.95063452,1669359.528669702,-4.0,-20.4,-36.1
721,HODGSON 3,4718220.905647592,1790753.207207555,-2.0,-20.0,-38.0
722,INDIAN BAY,4981863.95257657,1513773.3430573568,-4.5,-19.2,-37.5
723,GRAND RAPIDS (AUT),4529189.619363636,2149126.455301145,-1.3,-21.4,-37.2
724,RENNIE,4944502.474816919,1552656.5469929483,-4.5,-21.5,-39.0
725,VICTORIA BEACH (AUT),4829526.9748065565,1700549.689437028,-3.5,-19.5,-33.2
726,PINAWA,4885346.801697467,1609239.976787664,-3.4,-20.1,-36.9
727,DAUPHIN CS,4441456.86355302,1771074.5344495485,0.2,-19.4,-36.1
728,DAUPHIN,4441901.643050159,1771251.6086827107,0.3,-19.4,-36.0
729,GILBERT PLAINS,4395866.9650963,1771074.5344495485,-0.1,-20.3,-38.5
730,COWAN,4375518.303102204,1937980.2971760882,1.0,-18.5,-39.0
731,MAFEKING,4325702.999422668,2053211.0326030934,0.0,-18.9,-36.0
732,MCCREARY,4500056.562301047,1702656.651150952,1.8,-18.1,-39.5
733,OAKPOINT MARINE,4666070.509608076,1665337.930661494,-2.8,-19.8,-32.4
734,SWAN RIVER RCS,4310691.691394237,1952814.8920388455,1.0,-20.5,-37.2
735,FLIN FLON,4260653.997966129,2431916.618796685,-1.3,-22.3,-37.5
736,FLIN FLON,4238415.023109193,2448090.384979819,-1.5,-21.6,-34.0
737,THE PAS A,4326481.363542659,2296150.3693550434,-1.1,-21.6,-36.2
738,THE PAS CLIMATE,4325480.609674099,2295394.2282599956,-1.1,-21.5,-35.5
739,CHURCHILL,5107625.355392545,3254597.622677684,-11.5,-27.9,-37.9
740,CHURCHILL CLIMATE,5107514.16051826,3253312.0885522533,-11.9,-28.0,-38.1
741,CROSS LAKE JENPEG,4666515.289105217,2403117.9396542963,-5.1,-22.7,-36.9
742,GILLAM A,5069263.1237643305,2760979.425335029,-5.9,-26.7,-37.7
743,ISLAND LAKE A,5042242.769313153,2274628.7240618328,-6.1,-24.6,-37.0
744,KELSEY DAM CS,4835865.082640784,2697019.264360045,-5.9,-25.7,-40.9
745,LYNN LAKE,4328149.286656929,2863221.0029254304,-7.0,-24.9,-41.3
746,LYNN LAKE RCS,4329150.040525491,2860373.661796243,-7.1,-25.2,-42.4
747,NORWAY HOUSE,4687531.120345021,2293693.176088279,-4.7,-23.8,-38.3
748,TADOULE LAKE,4613252.944322852,3247529.9269809453,-10.0,-27.4,-40.2
749,TADOULE LAKE CS,4614364.893065698,3249670.9454129348,-10.4,-27.9,-42.1
750,THOMPSON A,4685418.417733611,2650781.184178925,-6.1,-25.2,-40.6
751,ATTAWAPISKAT A,6401266.522820526,2101393.638809177,-7.3,-26.6,-38.9
752,BIG TROUT LAKE A,5571196.786285381,2267279.5176852485,-9.1,-25.7,-37.2
753,BIG TROUT LAKE,5571752.760656804,2266902.8197235065,-9.1,-25.9,-38.2
754,EAR FALLS (AUT),5201585.024163101,1688445.109628872,-4.8,-20.7,-35.8
755,FORT SEVERN A,5818160.602071658,2693238.347108365,-8.4,-26.7,-39.3
756,LANSDOWNE HOUSE (AUT),5789249.934757641,1967495.3911858927,-6.6,-25.2,-41.6
757,MUSKRAT DAM,5363707.150870167,2196587.255113436,-7.8,-25.6,-41.0
758,PEAWANUCK (AUT),6067570.705092199,2489834.8118535783,-9.8,-27.7,-42.2
759,PICKLE LAKE (AUT),5535503.23164,1833107.5943518756,-6.7,-23.3,-35.6
760,PICKLE LAKE A,5535948.011137137,1832572.3443924058,-6.7,-23.2,-36.3
761,RED LAKE A,5137981.556072264,1765233.2321236627,-5.1,-21.9,-36.0
762,SANDY LAKE A,5187908.054626086,2126519.4956077114,-7.4,-24.0,-38.1
763,BARWICK,5118633.647946727,1345367.0196040962,-7.0,-19.4,-39.0
764,ATIKOKAN (AUT),5378718.458898599,1366930.7625660906,-4.5,-21.7,-39.3
765,FORT FRANCES RCS,5177344.541569041,1348396.1106972927,-3.1,-19.8,-39.3
766,MINE CENTRE SOUTHWEST,5268079.558985341,1366762.0830741124,-3.5,-21.0,-38.0
767,DRYDEN REGIONAL,5254624.979196894,1548863.486789247,-4.2,-20.6,-34.3
768,KENORA RCS,5072932.554615727,1542488.1377256624,-6.3,-19.8,-34.5
769,KENORA A,5074600.477729995,1541971.4310383145,-6.4,-19.8,-34.2
770,SIOUX LOOKOUT A,5347583.894098889,1598308.5801671892,-4.3,-22.3,-40.2
771,ARMSTRONG (AUT),5681502.101575784,1629579.4492730405,-4.2,-24.4,-44.0
772,CAMERON FALLS (AUT),5743771.231175207,1433483.694440133,-5.4,-20.7,-33.4
773,CARIBOU ISLAND (AUT),6023092.7553783255,1129390.5540902605,-1.3,-12.9,-24.1
774,GERALDTON A,5901000.783413745,1541110.324335238,-11.4,-24.4,-38.9
775,GERALDTON A,5900111.224419469,1540421.5029566884,-5.8,-24.0,-41.2
776,PUKASKWA (AUT),5972610.28245308,1341161.7408395568,-6.1,-21.0,-38.9
777,THUNDER BAY,5635133.838999072,1301566.076815093,-4.3,-20.1,-37.2
778,THUNDER BAY BURWOOD,5640026.4134676,1308599.302005886,-3.0,-18.5,-35.0
779,THUNDER BAY CS,5634577.864627648,1301063.9256386673,-3.9,-19.6,-37.4
780,UPSALA (AUT),5507815.707943112,1412936.8965466619,-5.7,-21.9,-37.6
781,WELCOME ISLAND (AUT),5657706.398478863,1301063.9256386673,-2.9,-17.4,-28.9
782,LITTLE FLATLAND ISLAND (AUT),5748107.83127231,1525109.9113672571,-5.1,-22.9,-36.8
783,LAKE SUPERIOR PROVINCIAL PARK,6136400.332274416,1193615.034217325,-4.8,-21.5,-41.0
784,SAULT STE MARIE A,6170203.574056958,991361.0893037664,-3.3,-18.3,-35.7
785,WAWA A,6139513.788754387,1234041.2914033625,-3.9,-20.4,-37.7
786,KILLARNEY (AUT),6506790.458516688,908102.5298475912,-3.0,-15.4,-29.1
787,CHAPLEAU A,6299523.212850042,1209663.3660290958,-5.2,-21.8,-39.8
788,MASSEY,6446522.836654391,944331.1368532497,-3.5,-17.8,-38.5
789,SUDBURY CLIMATE,6583181.337150264,1015132.6683872547,-6.4,-19.3,-34.5
790,SUDBURY A,6582958.947401695,1014161.1376804365,-6.0,-19.3,-32.2
791,BONNER LAKE,6435514.544100208,1472507.6012151632,-2.5,-23.7,-40.0
792,EARLTON A,6688482.883097859,1188988.0857949005,-3.6,-21.7,-37.3
793,EARLTON CLIMATE,6688482.883097859,1188988.0857949005,-3.6,-21.7,-37.7
794,KAPUSKASING A,6397263.507346279,1477462.4492230378,-3.5,-23.1,-38.8
795,KAPUSKASING CDA ON,6399932.184329109,1476437.068176087,-4.1,-24.0,-41.4
796,KIRKLAND LAKE CS,6671692.457080871,1264486.4738482796,-3.8,-22.5,-39.1
797,MOOSONEE,6604085.973515784,1804965.465984743,-5.5,-25.0,-39.3
798,MOOSONEE UA,6599415.788795827,1800699.1913175331,-4.5,-24.2,-38.0
799,MOOSONEE RCS,6602974.024772938,1805143.2758121956,-4.9,-24.8,-37.6
800,NAGAGAMI (AUT),6208677.0005594585,1534912.977846438,-4.1,-23.5,-37.6
801,OGOKI POST A,6015531.503926966,1870662.838118434,-5.0,-24.1,-36.1
802,TIMMINS CLIMATE,6517131.581825164,1332589.4229534697,-4.0,-23.0,-40.8
803,TIMMINS A,6518577.1151908655,1334941.7471316606,-3.6,-23.0,-40.6
804,ALGONQUIN PARK EAST GATE,6864393.174216224,838942.8941968232,-4.5,-18.7,-35.8
805,NORTH BAY A,6735740.704668848,971842.162678685,-6.3,-19.2,-35.2
806,GORE BAY CLIMATE,6386255.214792093,894674.7261239644,-2.8,-16.4,-33.8
807,GREAT DUCK ISLAND (AUT),6343667.577941061,854830.712799808,-1.6,-13.0,-27.4
808,SANDFIELD,6451304.2162486315,863899.4559203144,-3.0,-16.4,-34.0
809,APPLETON,7103906.9334254265,784030.1183214029,-3.0,-16.1,-29.0
810,BROCKVILLE CLIMATE,7144493.062539334,697517.5858991975,-2.1,-15.9,-30.9
811,BROCKVILLE PCC,7153499.847356394,692050.0983801568,-1.0,-14.7,-27.0
812,CHALK RIVER AECL,6964468.561072436,921390.493600037,-3.5,-16.9,-29.5
813,CORNWALL,7255576.741949732,757249.7783871759,-2.0,-14.4,-25.0
814,DRUMMOND CENTRE,7088339.651025571,759766.8857844779,-2.5,-15.9,-29.5
815,HARTINGTON IHD,7039747.490963166,665229.0377976466,-2.0,-14.2,-27.5
816,KEMPTVILLE CS,7157280.473082074,754733.3741933275,-2.8,-16.2,-29.4
817,KINGSTON CLIMATE,7049866.224523073,633364.9566447427,-0.4,-14.2,-28.4
818,OMPAH-SEITZ,7029295.172780407,763229.0577381812,-3.5,-16.1,-28.5
819,OTTAWA CDA,7147940.10364216,815164.0421576155,-3.3,-15.8,-27.7
820,OTTAWA CDA RCS,7147940.10364216,815164.0421576155,-3.4,-16.2,-28.0
821,OTTAWA INTL A,7153499.847356394,804721.3373610368,-3.5,-16.2,-26.8
822,PEMBROKE CLIMATE,6977255.971615175,891001.6072822073,-2.9,-18.0,-31.3
823,PETAWAWA AWOS 2,6970028.304786671,905383.3563661575,-3.4,-17.8,-31.4
824,ST. ALBERT,7220550.356550058,799978.6743779946,-3.0,-17.4,-34.5
825,PETAWAWA HOFFMAN,6977478.361363744,894674.7261239644,-3.0,-16.9,-29.5
826,BALDWIN,6747416.166468739,640194.7007100238,-1.5,-14.8,-34.5
827,BARRIE LANDFILL,6701047.903892026,658536.11400236,21.0,-11.7,-32.0
828,BEATRICE CLIMATE,6738075.797028825,776775.7989224996,-3.3,-17.9,-36.5
829,COLDWATER WARMINSTER,6722953.294126108,696892.563345898,-3.0,-14.9,-29.0
830,COLLINGWOOD,6647563.169361095,676446.8278862657,-1.3,-12.7,-29.1
831,LAGOON CITY,6758758.043645776,683777.0262054559,-3.8,-15.8,-33.0
832,MARKDALE,6592521.7065901775,640505.2650505379,-3.5,-15.9,-36.0
833,MIDLAND WATER POLLUTION CONTROL PLANT,6685591.8163664555,716758.1046511047,-3.0,-16.0,-31.0
834,MUSKOKA,6749195.284457294,750802.8990209447,-3.1,-17.3,-35.4
835,ORILLIA BRAIN,6734072.781554578,692518.6110663302,21.5,-13.4,-28.5
836,PARRY SOUND CCG,6666799.882612345,808991.8813072331,-2.9,-17.0,-34.8
837,RAVENSCLIFFE,6752864.715308689,810574.0810922673,-3.0,-16.4,-33.0
838,SHANTY BAY,6712500.975943349,660714.6653802115,-2.5,-14.9,-30.0
839,BARRIE-ORO,6721730.1505089775,673796.9348997669,-3.9,-16.0,-31.7
840,UDORA,6764984.9566057185,639573.6037279228,18.5,-13.7,-30.5
841,WIARTON A,6548377.34149916,714566.0640380969,-2.6,-15.2,-34.3
842,BORDEN AWOS,6681477.606017924,640971.131376219,-2.2,-15.3,-36.0
843,EGBERT CS,6695821.744800647,634916.7227272261,-2.8,-14.7,-29.3
844,COVE ISLAND (AUT),6478991.739945518,807251.7843111875,-1.3,-12.4,-27.0
845,GODERICH,6480770.857934074,562882.3092406942,0.5,-12.9,-31.1
846,KINCARDINE,6491223.1761168325,625610.0769592347,-4.5,-14.0,-25.5
847,SARNIA,6414943.492357542,445378.2214572644,1.7,-11.9,-28.0
848,SARNIA CLIMATE,6415944.246226104,445530.26002517063,1.8,-12.0,-28.3
849,TOBERMORY RCS,6490111.2273739865,791448.1974889375,-2.2,-14.4,-30.2
850,AMHERSTBURG,6327655.516044068,310131.0088358633,2.5,-8.9,-24.0
851,CHATHAM WPCP,6425395.810540302,353241.6076413635,-5.0,-14.4,-26.0
852,DELHI CS,6610535.276224297,425330.8021685397,0.8,-13.6,-34.1
853,FORT ERIE,6786556.762216947,427758.5058549326,1.0,-13.6,-27.5
854,GRIMSBY MOUNTAIN,6720840.591514699,473547.60488790646,0.5,-11.1,-26.7
855,KINGSVILLE MOE,6374357.363243634,301143.0417718226,5.0,-10.3,-24.0
856,LONG POINT (AUT),6666132.713366637,379927.29150718264,3.6,-11.1,-24.1
857,NEW GLASGOW,6489777.642751131,371928.7409482468,1.0,-11.9,-29.0
858,PORT COLBORNE,6755088.612794382,427758.5058549326,0.0,-10.9,-26.0
859,PORT WELLER (AUT),6758758.043645776,483617.8716126075,0.6,-9.7,-21.2
860,RAINHAM CENTURY FARM,6697600.862789202,422752.0563784698,0.5,-12.9,-33.0
861,RIDGETOWN RCS,6462312.508802816,362279.1492911037,2.7,-13.4,-31.9
862,ST THOMAS WPCP,6537702.633567831,410323.3563502161,3.5,-11.3,-32.0
863,TILLSONBURG NORTH,6589297.055235922,424420.5755228838,2.5,-12.6,-31.5
864,VINELAND STATION RCS,6738409.381651679,473395.1088649649,0.9,-10.6,-23.1
865,WELLAND-PELHAM,6745859.438228753,440514.2930708034,0.1,-13.1,-31.9
866,WINDSOR RIVERSIDE,6345557.8908039015,344663.94141987804,6.5,-9.1,-23.5
867,WINDSOR A,6343111.603569638,336094.0454527149,4.4,-11.0,-26.7
868,PORT COLBORNE (AUT),6755088.612794382,425330.8021685397,-0.2,-11.9,-25.3
869,ERIEAU (AUT),6460422.195939976,332187.5444887122,4.8,-10.9,-25.1
870,POINT PELEE CS,6391592.56875776,287078.94022651203,6.2,-11.3,-26.5
871,BRANTFORD AIRPORT,6634664.563944072,465773.4898235854,0.8,-14.2,-31.4
872,ELORA RCS,6625324.194504159,544884.739709707,-2.9,-15.4,-31.2
873,FERGUS SHAND DAM,6634998.148566926,557956.4051989978,-2.5,-15.0,-32.0
874,FERGUS MOE,6629549.599726978,552879.3228126336,-2.5,-15.2,-30.0
875,FOLDENS,6584849.2602645345,448267.37751292996,-6.0,-16.1,-28.0
876,GUELPH TURFGRASS,6647563.169361095,529529.9710537419,-2.1,-14.8,-32.7
877,KITCHENER/WATERLOO,6629549.599726978,515885.6397669492,-1.6,-14.8,-34.1
878,LONDON A,6543707.156779202,450548.9217299102,0.4,-13.6,-30.5
879,LONDON CS,6543818.3516534865,450548.9217299102,0.5,-13.1,-28.8
880,MOUNT FOREST (AUT),6588296.30136736,596201.3264102386,-3.4,-15.1,-31.5
881,ROSEVILLE,6618986.086669933,499508.342408129,12.0,-13.7,-32.0
882,STRATFORD WWTP,6559941.608424767,501802.48283112794,-3.0,-14.9,-32.0
883,STRATHROY-MULLIFARRY,6488999.27863114,442641.95023289416,2.0,-13.9,-32.5
884,WOODSTOCK,6585961.209007381,466230.61115882546,-1.5,-12.8,-33.0
885,BELLEVILLE,6961355.104592466,622200.0129250633,-2.0,-14.3,-33.0
886,BLACKSTOCK,6801456.875371094,614299.7499845829,12.0,-14.5,-31.0
887,BURLINGTON PIERS (AUT),6693931.431937807,491254.12834884785,0.6,-11.1,-23.4
888,CENTREVILLE,7015507.008369105,661337.2043690886,-2.5,-14.8,-29.5
889,COBOURG (AUT),6875512.661644692,591103.0947516821,-1.2,-12.1,-24.7
890,COBOURG STP,6873733.543656136,593729.1027992032,-2.0,-11.1,-20.5
891,GEORGETOWN WWTP,6685147.036869318,543348.1136327712,-3.5,-16.3,-32.0
892,HAMILTON A,6678920.123909375,472022.7570469165,-0.7,-13.6,-29.1
893,HAMILTON RBG CS,6681922.385515061,490031.9055188522,0.4,-12.1,-27.3
894,KALADAR,6992267.279643606,699549.2067918526,13.5,-14.6,-28.5
895,OAKVILLE TWN,6706162.868109122,523855.16515436117,-1.0,-12.7,-27.8
896,ORANGEVILLE MOE,6662129.697892388,586162.057563235,-4.0,-15.6,-34.0
897,OSHAWA,6795897.13165686,586933.919396176,-1.5,-14.1,-26.2
898,OSHAWA WPCP,6801456.875371094,578292.7686059419,13.0,-10.9,-25.0
899,POINT PETRE (AUT),6988597.848792211,573050.3159680068,0.1,-11.4,-23.9
900,MONO CENTRE,6669023.780098039,603776.6589432722,-4.3,-15.4,-29.6
901,TORONTO CITY,6738409.381651679,547497.591318165,-0.7,-11.1,-25.1
902,TORONTO CITY CENTRE,6738854.161148818,541504.4998945892,-0.7,-10.9,-24.9
903,TORONTO INTL A,6712723.365691918,549034.9085299233,-1.4,-12.6,-25.5
904,TORONTO EAST YORK DUSTAN,6745192.268983046,552110.3117467035,-1.0,-11.1,-25.5
905,TRENTON A,6946010.211941179,616932.4132188922,-1.7,-13.8,-26.9
906,UXBRIDGE WEST,6764651.371982864,613990.0746697756,-3.3,-14.8,-28.8
907,MOUNTAINVIEW,6971696.227900942,606870.4311747691,0.0,-12.7,-26.5
908,TORONTO BUTTONVILLE A,6741745.227880219,577521.6322226357,-1.8,-13.3,-26.8
909,TORONTO NORTH YORK,6730848.130200321,564884.2104466511,-1.0,-12.4,-26.5
910,COE HILL,6906869.616192971,742632.9955584221,-4.0,-17.2,-31.5
911,HALIBURTON 3,6835037.727405067,759766.8857844779,-3.0,-17.4,-37.5
912,PETERBOROUGH,6853718.466284894,634451.1652201135,-2.0,-15.8,-31.0
913,PETERBOROUGH TRENT U,6860723.74336483,653092.0138916541,-3.6,-16.0,-29.1
914,BANCROFT AUTO,6907536.785438681,765905.284757915,-4.1,-17.6,-35.3
915,COTEAU DU LAC,7320292.158783416,804721.3373610368,-3.5,-16.3,-30.0
916,DESCHAMBAULT,7570480.625923948,1020802.0787094971,-4.0,-17.2,-34.0
917,DESCHAMBAULT,7564364.907838292,1024691.79624255,-1.8,-18.5,-35.2
918,HEROUXVILLE,7494534.526787512,1020802.0787094971,-4.0,-18.8,-39.0
919,L'ASSOMPTION,7401686.806759803,882862.2816644367,-4.4,-17.4,-31.0
920,LES CEDRES,7333301.959074724,802033.5202287417,-3.5,-15.3,-29.0
921,LOUISEVILLE,7448166.2642108,956225.9574035732,-3.0,-18.8,-33.0
922,OKA,7331411.646211885,833706.1153610488,-5.0,-16.2,-27.0
923,L'ETAPE,7646982.69943181,1167043.9369337345,-8.5,-22.7,-39.7
924,RIGAUD,7298053.183926479,833706.1153610488,-4.5,-16.6,-31.5
925,RIVIERE VERTE OUEST,7579820.995363862,1072155.8325265152,-6.0,-18.8,-36.5
926,ST ALBAN,7552022.276792692,1028907.6079137772,-4.0,-17.6,-35.0
927,ST ALEXIS DES MONTS,7433377.345930936,999116.1596521223,-4.0,-17.4,-35.0
928,STE ANNE DE LA PERADE,7535343.0456499895,1007201.649928879,-5.0,-17.6,-34.0
929,STE BEATRIX,7383339.652502831,945455.6361958515,-4.0,-18.5,-35.0
930,ST CHARLES DE MANDEVILLE,7411138.371074001,969586.5670788139,-4.5,-17.2,-33.0
931,STE CHRISTINE,7570480.625923948,1045141.2286551222,-5.0,-17.0,-33.0
932,ST COME,7366660.421360129,958799.9210489513,-3.0,-18.6,-36.0
933,ST JACQUES,7385229.96536567,905383.3563661575,-4.5,-17.6,-34.0
934,ST NARCISSE,7513104.070793052,999116.1596521223,-4.0,-17.6,-34.0
935,SHAWINIGAN,7479745.608507648,1003966.5596809434,-4.2,-17.2,-31.5
936,TROIS-RIVIERES,7503874.896227424,970230.9639991373,-3.6,-16.0,-28.6
937,TROIS-RIVIERES,7485305.352221882,972325.5797911193,-5.1,-18.5,-35.3
938,VALCARTIER A,7616515.303877807,1058638.0757093392,-4.3,-19.7,-38.1
939,LAC AUX SABLES,7516773.501644447,1053269.360528553,-4.0,-18.6,-36.5
940,LAC SAINT-PIERRE,7459285.751639267,942724.957647237,-4.1,-16.5,-30.3
941,STE-FOY (U. LAVAL),7640422.201849014,1039131.275721496,-4.9,-16.1,-27.7
942,LEMIEUX,7554468.564026954,962179.3893954419,-4.5,-19.0,-37.7
943,QUEBEC/JEAN LESAGE INTL,7629969.883666253,1043029.1525965938,-4.8,-17.7,-33.8
944,ARTHABASKA,7566811.195072554,916104.9390995717,-4.0,-16.6,-31.0
945,AUTEUIL,7368550.734222967,857534.4596766559,-5.0,-15.6,-25.0
946,BEAUSEJOUR,7653876.781637459,1020802.0787094971,-3.5,-17.3,-31.0
947,BONSECOURS,7531562.41992431,817855.8036799617,-4.0,-16.3,-27.0
948,BROMPTONVILLE,7566811.195072554,831009.5786294108,-5.0,-13.5,-24.0
949,COATICOOK,7583490.426215257,778352.3267277023,-2.6,-16.0,-28.3
950,DANVILLE,7563141.76422116,884138.5455153333,-2.5,-16.8,-33.0
951,DRUMMONDVILLE,7507544.327078818,894674.7261239644,-3.5,-16.2,-31.0
952,FARNHAM,7461176.064502107,802033.5202287417,-1.5,-15.2,-30.2
953,FLEURY,7450056.577073639,881426.7039190289,-3.0,-15.8,-29.0
954,FORTIERVILLE,7555691.707644086,991038.1099243322,-4.5,-17.5,-30.6
955,FRELIGHSBURG,7466735.808216342,759924.2283588173,-2.0,-14.6,-25.7
956,GEORGEVILLE,7535343.0456499895,775672.393972924,-1.5,-15.4,-30.5
957,GRANBY,7481524.726496204,815164.0421576155,-3.0,-14.5,-26.0
958,HEMMINGFORD FOUR WINDS,7370329.852211523,765275.5126837781,-1.5,-15.0,-31.0
959,IBERVILLE,7422257.858502469,807251.7843111875,-7.0,-15.5,-29.0
960,VARENNES,7408136.109468315,869154.0053842934,-3.3,-16.0,-28.4
961,LAC MEGANTIC 2,7687235.243922863,849584.6032034587,-4.5,-8.0,-25.0
962,LAPRAIRIE,7401909.196508371,815164.0421576155,-3.5,-16.7,-30.0
963,LAURIERVILLE,7598279.344495119,966848.4061437696,-5.0,-16.8,-28.0
964,LAUZON,7661326.838214534,1045141.2286551222,-5.0,-19.0,-29.5
965,LENNOXVILLE,7580821.749232424,812947.9050737182,-2.2,-16.4,-32.7
966,LINGWICK,7631637.806780523,854830.712799808,-2.0,-16.8,-34.5
967,MAGOG,7548241.651067012,796818.292407006,-2.5,-14.2,-28.0
968,MARIEVILLE,7435267.658793777,817855.8036799617,-3.0,-15.2,-27.0
969,MCTAVISH,7385674.74486281,834658.0285849348,-3.4,-14.2,-23.9
970,MILAN,7659436.525351693,846883.2660465194,-3.5,-16.5,-29.0
971,MONTREAL/PIERRE ELLIOTT TRUDEAU INTL A,7366660.421360129,828472.4049014598,-3.6,-15.2,-25.4
972,MONTREAL INTL A,7367661.175228691,829106.6308045685,-3.6,-15.2,-25.4
973,NICOLET,7492644.2139246715,945455.6361958515,-5.0,-17.8,-36.0
974,NICOLET,7488196.418953286,949633.6028172271,-4.4,-17.3,-32.3
975,NOTRE DAME DES BOIS,7663217.151077373,817855.8036799617,-4.5,-16.5,-29.0
976,ORMSTOWN,7333301.959074724,773150.8339727409,-1.5,-15.6,-30.5
977,PIERREVILLE,7468626.121079181,926679.2069793604,-2.5,-17.1,-34.0
978,RICHMOND,7546462.533078458,854830.712799808,-3.0,-16.4,-34.0
979,RIVIERE DES PRAIRIES,7394459.139931299,865491.4161010645,-3.0,-15.8,-30.0
980,SABREVOIS,7427817.602216703,788922.205677568,-1.0,-14.7,-27.0
981,ST ANICET,7299943.49678932,775672.393972924,-2.0,-15.7,-29.0
982,ST BERNARD DE LACOLLE,7407468.940222607,767794.865479446,-1.0,-14.6,-28.0
983,STE-CLOTHILDE,7374555.25743434,781033.0589281358,-2.3,-16.2,-33.1
984,ST COME DE LINIERE,7726153.449922503,921390.493600037,-3.0,-17.1,-35.0
985,ST EPHREM,7676115.756494396,924114.5874645328,-4.5,-16.3,-31.0
986,ST FLAVIEN,7609398.831923588,991038.1099243322,-4.0,-17.7,-34.0
987,STE GENEVIEVE,7355540.933931661,833706.1153610488,-3.5,-14.5,-27.0
988,ST GEORGES,7705804.787928405,937426.6380611397,-2.5,-16.4,-33.5
989,ST GUILLAUME,7475964.98278197,894674.7261239644,-4.0,-18.7,-32.0
990,MONTREAL/ST-HUBERT,7403688.314496927,836562.1594626475,-3.4,-15.3,-25.3
991,ST HYACINTHE 2,7459285.751639267,844341.5781977633,-2.5,-16.0,-30.0
992,SAINT-GERMAIN-DE-GRANTHAM,7501539.803867447,885414.9927353505,-4.1,-18.3,-36.8
993,ST LUDGER,7707695.100791245,873455.4912402453,-1.7,-16.5,-33.6
994,STE MADELEINE,7435267.658793777,852286.7589522162,-3.0,-17.3,-28.0
995,ST MALO D AUCKLAND,7616848.888500661,786239.1180296298,-3.5,-16.1,-31.5
996,STE MARTINE,7355540.933931661,788922.205677568,-3.5,-15.4,-26.5
997,ST NAZAIRE,7492644.2139246715,870746.9058056828,-3.0,-17.1,-31.0
998,ST PIERRE DE BROUGHTON,7648317.037923226,953491.9440974789,-5.0,-17.1,-32.5
999,ST PROSPER,7728043.762785342,948187.1597529752,-2.5,-17.2,-33.5
1000,ST SEBASTIEN,7678006.069357235,876164.9017738607,-4.0,-19.4,-30.0
1001,ST SEVERIN,7666886.581928767,966848.4061437696,-5.0,-16.1,-25.5
1002,ST THEOPHILE,7729934.075648181,902665.0167598426,-4.5,-15.3,-28.0
1003,ST WENCESLAS,7524223.558221522,940155.6784761753,-4.5,-17.4,-32.5
1004,SAWYERVILLE NORD,7613179.457649266,812631.3588431319,-3.0,-17.0,-34.2
1005,SCOTT,7663217.151077373,993783.8132341886,-4.0,-17.2,-31.5
1006,SHERBROOKE,7595610.667512286,824034.083145869,-3.2,-17.5,-31.1
1007,SOREL,7437046.776782331,918667.2380420454,-3.0,-15.7,-29.0
1008,SUTTON,7485305.352221882,765275.5126837781,-2.0,-15.2,-28.0
1009,THETFORD MINES,7633528.119643364,929404.930304273,-5.0,-16.5,-29.0
1010,THETFORD MINES RCS,7642868.489083275,921230.278898296,-5.6,-18.0,-31.0
1011,VALLEE JONCTION,7679896.382220075,974904.2528935121,-2.0,-16.5,-33.0
1012,VERCHERES,7409248.058211161,876164.9017738607,-1.0,-9.8,-23.0
1013,BEAUCEVILLE,7696353.223614208,946258.9377260292,-3.9,-16.8,-29.5
1014,STE-ANNE-DE-BELLEVUE 1,7346756.53886317,822132.6194974529,-3.4,-15.8,-27.5
1015,ST-ANICET 1,7306726.384120685,773781.1576744653,-1.4,-16.6,-31.5
1016,ST CAMILLE WOLFE,7590940.48279233,860239.0273073455,-4.0,-17.3,-35.0
1017,L'ACADIE,7411249.565948286,801085.0713051055,-3.2,-15.8,-27.9
1018,MONTREAL/PIERRE ELLIOTT TRUDEAU INTL,7367549.980354405,828630.9571577944,-3.3,-14.9,-24.0
1019,ANGERS,7166509.647647702,841641.8279788792,-4.0,-17.6,-31.5
1020,ARUNDEL,7270254.465355309,905383.3563661575,-4.5,-15.5,-35.0
1021,CHARTERIS,7068324.573654328,862785.2531385953,-3.5,-18.1,-34.5
1022,CHELSEA,7140601.241939371,836403.4663814986,-4.0,-18.7,-29.0
1023,HIGH FALLS,7155612.549967804,887649.2168357428,-4.1,-18.1,-31.0
1024,LACHUTE,7301833.809652159,857534.4596766559,-4.2,-16.7,-30.8
1025,LA MACAZA,7253575.234212608,972325.5797911193,-3.0,-18.0,-36.0
1026,LUSKVILLE,7110912.210505362,838942.8941968232,-4.0,-17.2,-35.5
1027,MANIWAKI AIRPORT,7117361.513213873,957512.8452875018,-4.9,-18.4,-33.2
1028,MONTEBELLO (SEDBERGH),7235116.88508135,865491.4161010645,-3.0,-17.8,-34.0
1029,NOTRE DAME DE LA PAIX,7229557.141367116,881426.7039190289,-4.0,-15.8,-34.0
1030,STE ANNE DU LAC,7190638.935367478,1050504.9468305986,-4.0,-21.6,-38.0
1031,ST HIPPOLYTE,7338861.702788958,910662.5143611841,-5.0,-17.4,-33.0
1032,ST JEROME,7333301.959074724,881426.7039190289,-5.0,-15.5,-31.0
1033,WRIGHT,7110912.210505362,924114.5874645328,-4.0,-19.0,-36.5
1034,ST-JOVITE,7277037.352686675,926198.2841763329,-3.5,-18.7,-34.7
1035,BAIE-COMEAU A,7983791.9736401085,1429914.1269772733,-5.6,-17.6,-31.6
1036,BAIE-COMEAU,7983347.194142971,1429914.1269772733,-5.6,-17.4,-31.3
1037,LOURDES DE BLANC SABLON A,9208492.319011586,1831858.7324779658,0.6,-14.5,-29.3
1038,CAPE WHITTLE,8888695.860568844,1606809.5328040337,-1.2,-14.0,-26.8
1039,CAP-ROUGE,7724151.942185379,1301900.86070228,-2.3,-19.3,-33.2
1040,CHARLEVOIX (MRC),7712698.870134056,1121354.945671212,-8.0,-20.8,-32.7
1041,CHATEAU RICHER,7668776.894791607,1069548.3686310463,-4.0,-16.4,-30.0
1042,CHEVERY,8935731.292391265,1659396.5452451883,0.4,-16.8,-37.8
1043,CAP-TOURMENTE,7696798.003111346,1087817.0296628475,-4.0,-15.6,-27.8
1044,FORET MONTMORENCY RCS,7655989.484248869,1127750.0288281413,-7.9,-21.4,-36.6
1045,GODBOUT,8048618.585348077,1461241.940557274,-4.0,-17.1,-32.0
1046,GRANDES BERGERONNES,7837348.324207184,1281169.0705213565,-4.5,-16.7,-30.0
1047,HAVRE ST. PIERRE,8494065.25173251,1627491.0503846798,-3.3,-18.4,-34.2
1048,ILE AUX PERROQUETS,8427793.10665884,1616883.1549051348,-3.0,-14.5,-25.6
1049,ILE ROUGE,7833011.724110082,1250997.3856169954,-3.9,-14.0,-24.9
1050,NATASHQUAN,8696662.312679201,1611497.4554232517,-1.3,-17.4,-38.1
1051,NATASHQUAN A,8694216.025444936,1611497.4554232517,-1.3,-17.5,-38.8
1052,POINTE DE L'ISLET,7815220.544224531,1262153.5059895236,-2.1,-12.3,-21.2
1053,POINTE CLAVEAU,7770964.98425923,1282839.123233294,-3.6,-17.9,-28.9
1054,STE ROSE DU NORD,7724374.331933947,1306254.2484720182,-4.5,-20.1,-36.0
1055,SEPT-ILES,8200621.978495237,1616188.0293334303,-4.4,-17.9,-35.8
1056,LAC EON,8530425.975623602,1908032.3628702816,-8.0,-24.3,-40.5
1057,POINTE-DES-MONTS,8074860.575679262,1461241.940557274,-4.1,-16.2,-28.8
1058,RIVIERE AU TONNERRE,8363744.8590708645,1627665.0635133805,-3.0,-15.2,-30.5
1059,POINTE NOIRE CS,8180162.121626856,1606809.5328040337,-3.9,-16.1,-28.1
1060,BAIE-COMEAU,7989796.4968514815,1451354.2704840489,-4.3,-17.3,-30.1
1061,AMQUI,8068856.052467889,1318321.4090451915,-5.1,-18.6,-35.3
1062,CAP-D'ESPOIR,8415561.670487527,1309436.9776063953,-2.8,-13.5,-23.5
1063,CAP DES ROSIERS,8428571.470778832,1381956.709271391,-2.0,-16.3,-30.0
1064,CAP-MADELEINE,8303477.237208567,1449991.366140441,-4.3,-15.2,-26.7
1065,CAUSAPSCAL,8091317.417073395,1300729.174621854,-4.0,-18.4,-36.5
1066,GASPE A,8397436.905979123,1369292.6281633647,-3.0,-16.1,-31.6
1067,HEATH POINT,8706447.461616252,1421760.7897617938,-1.0,-13.3,-27.1
1068,ILES DE LA MADELEINE A,8697885.456296332,1144497.9849704308,1.7,-11.2,-21.2
1069,LAC HUMQUI,8054178.329062313,1286681.4846730372,-5.5,-18.4,-39.0
1070,ILES DE LA MADELEINE,8698219.040919185,1144497.9849704308,1.0,-11.0,-21.1
1071,LA POCATIERE,7780082.9639505735,1133164.941485798,-5.0,-16.8,-29.6
1072,MONT JOLI A,7982902.414645831,1341329.9120090688,-5.6,-16.7,-29.2
1073,NEW CARLISLE 1,8302698.873088575,1241517.78644484,-3.8,-15.0,-28.3
1074,POINTE-AU-PERE (INRS),7953991.747331814,1325368.494799858,-5.5,-16.4,-31.6
1075,PORT-MENIER,8418230.347470358,1550759.8011618033,-3.3,-16.3,-31.1
1076,RIMOUSKI,7948543.198491865,1314632.4062533388,-4.5,-15.8,-28.0
1077,RIVIERE-DU-LOUP,7833790.088230074,1207345.262412116,-5.7,-17.1,-29.8
1078,ST CAMILLE,7759511.912207907,991038.1099243322,-5.0,-17.6,-29.0
1079,ST JEAN DE CHERBOURG,8104216.022490418,1387534.9143264666,-7.5,-18.0,-32.0
1080,STE LUCIE,7781750.887064843,1031502.9632673999,-4.0,-18.8,-37.0
1081,SAINT MICHEL,7685456.125934309,1053269.360528553,-4.0,-17.6,-29.0
1082,ILE BICQUETTE,7906733.925760824,1308934.3623601748,-4.1,-14.5,-26.3
1083,CAP-CHAT,8155699.249284226,1425836.4723849911,-6.6,-16.5,-29.2
1084,BAGOTVILLE A,7672446.325643001,1295040.4174433043,-4.2,-20.8,-36.6
1085,BONNARD 1,7671000.7922773,1705642.4370823195,-10.3,-26.6,-44.9
1086,CHAMOUCHOUANE,7410471.201828292,1454762.4981661458,-5.7,-26.2,-45.0
1087,CHUTE-DES-PASSES,7653765.586763174,1550932.2147681322,-7.2,-23.2,-38.2
1088,JONQUIERE,7656545.458620292,1310442.2970899763,-4.6,-20.7,-36.4
1089,LAC BOUCHETTE,7542681.907352778,1275660.2124231132,-5.5,-20.8,-41.0
1090,LAC STE CROIX,7589050.16992949,1309101.8974800957,-6.0,-22.1,-36.0
1091,LATERRIERE,7658102.186860278,1290692.7503692657,-4.1,-21.3,-38.2
1092,MISTOOK,7592830.795655169,1339480.2122734208,-5.8,-23.1,-39.4
1093,NORMANDIN,7500427.8551246,1380604.9708691565,-4.8,-23.8,-39.3
1094,ONATCHIWAY,7668888.089665892,1389395.1338866614,-6.9,-23.7,-43.5
1095,PERIBONCA,7557582.020506926,1367942.9100495,-6.0,-22.6,-43.0
1096,ROBERVAL A,7531673.614798594,1326375.6980957948,-4.7,-21.9,-38.0
1097,ST AMBROISE,7635418.432506203,1334269.5880632047,-5.0,-22.1,-43.5
1098,ST PRIME,7514883.188781608,1342675.4012732115,-3.0,-21.4,-38.0
1099,LAC BENOIT,7660103.694597402,1848108.8944781888,-10.6,-29.4,-49.6
1100,MANOUANE EST,7724485.526808233,1692828.7724069115,-10.1,-27.1,-43.7
1101,LA BAIE,7681341.915585776,1289188.304761339,-5.0,-22.2,-39.7
1102,GRANDE ANSE,7457506.633650712,1091246.6762835803,-3.0,-19.9,-38.0
1103,PARENT,7269476.101235317,1226571.307523382,-5.6,-23.1,-39.5
1104,ST MICHEL DES SAINTS,7348090.8773545865,1023395.0317484671,-4.0,-20.1,-37.0
1105,SAINT-MICHEL-DES-SAINTS,7328409.384606198,1044978.7431399822,-5.5,-20.5,-36.6
1106,LA TUQUE,7473629.890421992,1142197.3266063808,-3.7,-21.9,-38.3
1107,BARRAGE TEMISCAMINGUE,6771656.649062799,1027772.3819381641,-4.1,-17.7,-30.0
1108,ROUYN,6779106.705639874,1280501.1408785973,-4.6,-21.8,-34.1
1109,CHAPAIS,7230446.700361394,1548001.6682697646,-6.5,-24.8,-41.1
1110,CHIBOUGAMAU CHAPAIS A,7279594.834795223,1538355.379934757,-10.5,-25.5,-42.4
1111,LA GRANDE 4 A,7375000.036931479,2255422.1569761103,-13.2,-29.2,-45.5
1112,LA GRANDE RIVIERE A,6926995.8884384995,2231010.6823051805,-11.6,-28.4,-42.1
1113,LA GRANDE IV,7374555.25743434,2255798.3076386936,-13.3,-29.2,-45.7
1114,MATAGAMI A,6915987.595884316,1537494.646296952,-5.7,-24.7,-39.2
1115,MATAGAMI,6917099.544627162,1536806.123295376,-5.9,-24.6,-38.3
1116,VAL-D'OR,6917877.908747155,1248834.4482197426,-5.0,-22.2,-36.5
1117,VAL D'OR A,6918211.493370009,1248335.3863789141,-4.9,-21.9,-36.1
1118,LAC BERRY,6862614.056227668,1373511.884085957,-5.5,-24.0,-44.0
1119,INUKJUAK,6885520.200330313,3197604.679364885,-17.6,-31.4,-41.7
1120,INUKJUAK A,6885520.200330313,3197604.679364885,-17.8,-31.6,-42.0
1121,KUUJJUAQ A,7959106.71154891,3116601.873385177,-17.5,-30.1,-41.9
1122,PARC NATIONAL DES PINGUALUIT,7375778.401051471,3827817.3747335607,-26.7,-36.1,-44.5
1123,RIVIERE AUX FEUILLES,7452725.254056471,3078832.782726215,-22.1,-34.3,-48.9
1124,SALLUIT,7153166.2627335405,4031251.8026329177,-23.3,-31.2,-37.3
1125,SCHEFFERVILLE A,8138908.823267238,2455418.1189015284,-15.0,-28.6,-43.5
1126,SCHEFFERVILLE,8139464.797638663,2454453.549864308,-13.7,-28.8,-43.3
1127,AROOSTOOK,8037610.292793893,1028096.7171920054,-1.0,-17.9,-34.0
1128,BAS CARAQUET,8358185.115356631,1206683.061858436,-2.8,-15.7,-30.8
1129,BATHURST A,8257442.559254711,1178256.5250309706,-2.5,-16.9,-35.1
1130,BUCTOUCHE CDA CS,8365412.7821851345,982483.4787308453,0.5,-14.6,-28.9
1131,CHARLO AUTO,8191281.6090553235,1237861.7965934426,-2.8,-16.6,-31.6
1132,MIRAMICHI RCS,8287909.954808711,1076394.6262901528,-0.9,-15.4,-30.5
1133,DOAKTOWN AUTO RCS,8227308.74832356,1007525.2245844407,-1.3,-16.1,-31.7
1134,EDMUNDSTON,7970003.809228809,1143183.2481441647,-2.1,-19.0,-35.7
1135,FREDERICTON,8168709.049575535,892438.7336379448,0.5,-14.7,-28.8
1136,FREDERICTON CDA CS,8160703.018627037,900586.8486552881,0.4,-14.8,-27.2
1137,FUNDY PARK (ALMA) CS,8345175.315065322,849584.6032034587,1.4,-11.6,-23.9
1138,GAGETOWN A,8180273.31650114,886691.6234020852,-12.6,-14.5,-16.3
1139,GAGETOWN AWOS A,8178383.0036383,887649.2168357428,-3.5,-12.9,-20.3
1140,GRAND MANAN SAR CS,8139242.4078900935,709557.6780303447,2.8,-10.5,-26.3
1141,JUNIPER,8098656.278776185,1001864.3905212888,-1.6,-17.0,-34.1
1142,MACTAQUAC PROV PARK,8128456.505084479,906023.0868434748,0.0,-13.9,-29.0
1143,MECHANIC SETTLEMENT,8321268.417094115,864536.2058324264,-0.4,-14.4,-27.5
1144,MISCOU ISLAND (AUT),8395880.177739138,1241019.1505524684,-2.6,-12.8,-22.6
1145,MONCTON INTL A,8375309.125996471,931329.4763184926,0.6,-13.6,-25.3
1146,OAK POINT,8217412.404512225,834816.6906527979,1.5,-12.8,-29.0
1147,POINT LEPREAU CS,8178494.198512586,766220.187323289,4.2,-10.3,-21.9
1148,RED PINES,8273121.036528849,1146799.25529252,-1.2,-16.7,-35.2
1149,SAINT JOHN A,8240652.133237722,804563.2081530644,2.0,-13.8,-28.5
1150,ST. STEPHEN,8089093.519587702,787817.3077624934,0.6,-14.3,-30.9
1151,UPSALQUITCH LAKE,8182274.824238264,1149594.4783453522,-7.0,-17.6,-32.0
1152,WOODSTOCK,8055623.862428012,940637.3613853278,-2.0,-15.4,-30.0
1153,WOODSTOCK NEWBRIDGE,8056847.006045143,937747.6578824269,-1.5,-15.9,-31.4
1154,ST LEONARD CS,8024711.687376872,1100726.06710062,-2.8,-17.3,-31.2
1155,BACCARO PT,8287131.590688719,514353.8247850798,7.9,-5.6,-17.8
1156,BEAVER ISLAND (AUT),8636172.301068334,726001.8308207374,7.4,-6.4,-20.5
1157,BRIER ISLAND,8189836.075689624,643145.488729436,4.4,-6.3,-17.1
1158,CARIBOU POINT (AUT),8597254.095068695,876164.9017738607,5.2,-10.4,-22.9
1159,CHETICAMP CS,8790288.3968269,1017238.021142792,9.4,-9.5,-21.8
1160,COLLEGEVILLE AUTO,8671532.271090861,832278.4357037554,6.2,-11.4,-29.7
1161,DEBERT,8510077.313629504,820548.3752159216,2.5,-12.5,-29.4
1162,ESKASONI FIRST NATION AUTOMATIC WEATHER STATION,8823646.859112307,900746.6904511824,9.2,-8.1,-21.7
1163,GREENWOOD A,8348844.745916717,752060.464580874,2.9,-10.3,-21.7
1164,HALIFAX INTL A,8505407.12890955,736039.6243485324,5.5,-10.0,-21.7
1165,HART ISLAND (AUT),8786285.381352652,809941.1676339786,8.8,-6.1,-20.1
1166,INGONISH BEACH RCS,8850444.823814914,1020153.9603793016,9.4,-8.9,-23.2
1167,KEJIMKUJIK 1,8317043.011871298,661337.2043690886,4.5,-10.1,-22.3
1168,KENTVILLE CDA CS,8397103.321356269,765275.5126837781,5.1,-10.1,-20.7
1169,LAKE MAJOR,8508298.19564095,710340.0557349883,6.0,-8.7,-22.0
1170,LYONS BROOK,8584577.879400242,858807.0951010156,5.0,-10.8,-24.0
1171,NAPPAN AUTO,8424012.480933161,875049.1621693578,1.8,-12.9,-27.2
1172,UPPER STEWIACKE RCS,8555889.601834793,791448.1974889375,5.8,-11.2,-29.8
1173,PARRSBORO,8412225.824258987,819914.7560606254,2.6,-11.9,-26.8
1174,POCKWOCK LAKE,8469379.989641313,718167.5540853152,4.5,-9.9,-25.0
1175,PORT HAWKESBURY,8743475.354753051,858648.005730425,6.4,-9.8,-24.3
1176,SABLE ISLAND,8894589.188905934,588323.4341905946,10.9,-1.2,-12.7
1177,SABLE ISLAND A,8900037.737745881,590485.319671303,8.8,-1.2,-11.8
1178,ST MARGARET'S BAY,8461929.933064237,707680.247270653,5.0,-7.5,-21.0
1179,ST PAUL ISLAND (AUT),8879577.8808775,1112999.2542933617,4.7,-7.6,-20.8
1180,SHEARWATER RCS,8504962.34941241,696736.3144383719,5.8,-7.8,-20.2
1181,SYDNEY A,8890252.588808829,939192.3914608285,8.5,-8.3,-21.5
1182,SYDNEY CS,8890919.758054538,939513.4754595449,8.4,-8.1,-21.0
1183,TATAMAGOUCHE,8536096.914212119,862785.2531385953,5.5,-12.4,-28.5
1184,TRACADIE,8708782.553976228,850856.1038940176,9.7,-9.3,-22.7
1185,WATERVILLE CAMBRIDGE,8378533.777350727,762599.4728883831,5.0,-9.4,-23.0
1186,WESTERN HEAD,8376977.049110741,597283.133753268,4.0,-7.5,-19.6
1187,YARMOUTH RCS,8218635.548129355,572742.0294379024,4.7,-7.3,-16.9
1188,YARMOUTH A,8218635.548129355,572125.4873685949,4.8,-7.4,-17.0
1189,ALLISTON,8606483.269634323,924114.5874645328,3.5,-10.7,-22.0
1190,CHARLOTTETOWN A,8548773.129880574,959765.3512127604,2.8,-12.6,-25.3
1191,EAST POINT (AUT),8674534.532696549,987324.7001253339,3.8,-10.5,-22.3
1192,ELMWOOD,8524977.426783653,953491.9440974789,2.5,-11.4,-23.0
1193,NEW GLASGOW,8523087.113920813,979096.209041791,-1.5,-13.8,-28.5
1194,NORTH CAPE,8450921.640510054,1084388.7345086057,0.0,-12.8,-22.5
1195,ST. PETERS,8609151.946617156,985710.6634061299,3.1,-11.7,-23.1
1196,SUMMERSIDE,8468824.015269889,984258.2837058399,1.4,-13.6,-28.0
1197,HARRINGTON CDA CS,8543102.191292055,968620.0601149667,2.4,-12.8,-23.7
1198,ARGENTIA (AUT),9563537.552602574,1122994.2608955996,8.5,-3.2,-12.2
1199,BADGER (AUT),9332919.383336145,1401750.6116879117,8.0,-11.0,-29.4
1200,BAY D'ESPOIR GEN STN,9362608.414770156,1236698.8539551124,7.0,-4.8,-12.0
1201,BONAVISTA,9661277.847098809,1351089.5440308833,5.6,-5.1,-13.7
1202,BRANCH,9566317.42445969,1055871.9615266165,8.0,-3.4,-16.0
1203,BROWNSDALE,9660721.872727385,1245175.3363630492,8.0,-3.6,-12.5
1204,BURGEO NL,9160567.32819489,1176111.8150127595,6.7,-6.7,-18.5
1205,BURNT POND,9192146.672491739,1267320.219189263,5.0,-7.0,-16.0
1206,CAPE RACE (AUT),9665503.252321627,1019667.9031002587,7.9,-3.3,-15.7
1207,CORMACK,9184696.615914665,1461241.940557274,4.5,-11.6,-31.5
1208,CORMACK RCS,9185474.980034659,1462094.8708458785,4.3,-11.7,-29.7
1209,CORNER BROOK,9127208.865909485,1395993.7579793232,8.0,-10.2,-24.2
1210,CORNER BROOK,9123539.43505809,1398871.6944644982,8.5,-8.9,-26.0
1211,COW HEAD,9141441.809817925,1563355.378258774,8.0,-8.6,-29.0
1212,DANIELS HARBOUR,9164570.343669137,1619490.3950704597,6.5,-10.3,-28.1
1213,DEER LAKE,9181027.185063273,1435694.1850630622,11.5,-9.9,-30.0
1214,DEER LAKE A,9185363.785160372,1442839.739227268,6.6,-12.1,-34.7
1215,ENGLEE (AUT),9327804.41911905,1704237.226423446,3.3,-11.3,-24.8
1216,FEROLLE POINT (AUT),9218055.07820007,1756390.7039049026,1.3,-12.1,-24.3
1217,GANDER INTL A,9499600.499888882,1396670.8313215068,7.5,-8.2,-19.6
1218,GANDER AIRPORT CS,9499711.694763167,1398194.4447402125,7.4,-8.3,-19.7
1219,HARBOUR BRETON,9358938.983918762,1151403.6336637158,7.0,-5.4,-17.0
1220,LA SCIE,9377397.333050018,1564218.7863118136,5.1,-10.3,-22.9
1221,LETHBRIDGE,9573656.28616248,1297884.3215885675,9.0,-5.2,-23.0
1222,MIDDLE ARM,9331140.26534759,1523906.8188432837,2.0,-11.2,-26.5
1223,MILLERTOWN RCS,9279879.428302353,1376382.1794438325,7.6,-10.7,-27.4
1224,PLUM POINT,9242184.365919845,1765233.2321236627,3.5,-12.5,-29.0
1225,POINT LEAMINGTON,9407086.364484027,1463971.622371587,8.5,-8.2,-22.0
1226,PORT AUX BASQUES,8989549.61154505,1169021.5705508385,5.9,-7.4,-17.7
1227,SAGONA ISLAND,9363164.389141578,1135134.840184969,7.5,-5.3,-14.9
1228,ST. ANTHONY,9332696.993587578,1822943.8522390276,2.6,-12.5,-24.4
1229,ST ANTHONY,9329249.952484751,1821340.2087177914,2.8,-15.1,-28.5
1230,ST. JOHN'S INTL A,9701419.196715578,1176441.7356875706,7.7,-4.7,-13.4
1231,ST JOHNS WEST CLIMATE,9698083.350487038,1158973.2974090567,7.4,-4.5,-14.5
1232,ST LAWRENCE,9408976.677346867,1061405.0670744507,7.6,-4.6,-16.6
1233,SOPS ARM WHITE BAY,9242184.365919845,1538355.379934757,4.5,-9.5,-28.0
1234,STEPHENVILLE A,9056822.510487283,1329901.8494379045,7.6,-8.6,-25.2
1235,STEPHENVILLE RCS,9055043.392498726,1333261.4491370013,8.1,-9.0,-25.3
1236,TERRA NOVA NAT PARK CS,9565650.255213985,1332589.4229534697,7.7,-7.3,-20.5
1237,TWILLINGATE (AUT),9473803.289054837,1523906.8188432837,7.5,-8.0,-17.9
1238,WINTERLAND,9415092.395432524,1097129.2191183846,5.0,-5.0,-15.0
1239,WRECKHOUSE,8972536.795779495,1191797.0080116559,8.7,-7.2,-20.0
1240,GRATES COVE,9680736.950098628,1268153.8524480173,7.5,-4.0,-11.6
1241,POOLS ISLAND,9609349.840807863,1426346.0713131716,5.1,-7.2,-18.4
1242,MARTICOT ISLAND,9497710.187026042,1128570.2526351297,6.1,-4.3,-15.2
1243,CAPE KAKKIVIAK,8432463.291378796,3526504.615671186,-15.8,-27.7,-35.5
1244,CAPE KIGLAPAIT,8731466.308330305,2918753.506018523,-12.1,-24.9,-35.2
1245,CARTWRIGHT,9225282.745028574,2246587.767606779,2.0,-19.2,-29.9
1246,CHURCHILL FALLS A,8439023.788961593,2219207.551055453,-11.3,-26.6,-42.2
1247,GOOSE A,8849221.680197783,2173472.861558661,-4.2,-22.0,-36.3
1248,HOPEDALE (AUT),8871460.655054718,2580861.688564622,-2.8,-21.9,-33.3
1249,MARY'S HARBOUR A,9357271.06080449,1986929.2185846418,2.5,-16.8,-31.0
1250,NAIN,8708448.969353376,2799613.569636315,-6.5,-22.7,-33.4
1251,NAIN A,8708448.969353376,2799613.569636315,-6.8,-22.6,-33.5
1252,NAIN A,8708560.164227663,2799815.301336106,-7.5,-19.2,
1253,SAGLEK,8608039.997874308,3168105.3980156723,-13.5,-24.4,-32.3
1254,TUKIALIK BAY,9078171.92634994,2438266.601429537,-5.8,-22.8,-32.5
1255,WABUSH A,8132237.130810158,2100471.400033448,-13.6,-27.7,-46.8
